  Language_ISO639;eu
  Author_Email;alexgabi@disroot.org
  Author_Name;Alexander Gabilondo
  Author_OldNames;Xabier Aramendi 
  Language_Name;Euskara
  Config_Text_ColumnSize;40
  Config_Text_Separator;: 
  Config_Text_NumberTag;Z
  Config_Text_FloatSeparator;,
  Config_Text_ThousandsSeparator; 
 audio stream1;audio jarioa
 audio stream2;audio jarioa
 audio stream3;audio jarioa
 bit1;bit
 bit2;bit
 bit3;bit
 bps;bps
 Bps;Bps
 Byte1;Byte
 Byte2;Byte
 Byte3;Byte
 channel1;kanala
 channel2;kanala
 channel3;kanala
 chapter1;kapitulu
 chapter2;kapitulu
 chapter3;kapitulu
 chapters stream1;jarioaren kapituluak
 chapters stream2;jarioaren kapituluak
 chapters stream3;jarioaren kapituluak
 character1;karaktere
 character2;karaktere
 character3;karaktere
 day1;egun
 day2;egun
 day3;egun
 dB0;dB
 dB1;dB
 dB2;dB
 dB3;dB
 file1;fitxategia
 file2;fitxategia
 file3;fitxategia
 fps1;fps
 fps2;fps
 fps3;fps
 frame1;fotograma
 frame2;fotograma
 frame3;fotograma
 GB;GB
 Gb;Gb
 Gbps;Gbps
 GBps;GBps
 GHz;GHz
 GiB;GiB
 GibiByte1;GibiByte
 GibiByte2;GibiByte
 GibiByte3;GibiByte
 GiBps;GiBps
 GigaBit1;GigaBit
 GigaBit2;GigaBit
 GigaBit3;GigaBit
 GigaByte1;GigaByte
 GigaByte2;GigaByte
 GigaByte3;GigaByte
 hour1;ordu
 hour2;ordu
 hour3;ordu
 Hz;Hz
 image stream1;irudi jarioa
 image stream2;irudi jarioa
 image stream3;irudi jarioa
 KB;KB
 Kb;Kb
 KBps;KBps
 Kbps;Kbps
 KHz;KHz
 KiB;KiB
 KibiBit1;KibiBit
 KibiBit2;KibiBit
 KibiBit3;KibiBit
 KibiByte1;KibiByte
 KibiByte2;KibiByte
 KibiByte3;KibiByte
 KiBps;KiBps
 KiloBit1;KiloBit
 KiloBit2;KiloBit
 KiloBit3;KiloBit
 KiloByte1;KiloByte
 KiloByte2;KiloByte
 KiloByte3;KiloByte
 MB;MB
 Mb;Mb
 Mbps;Mbps
 MBps;MebiByte
 MebiBit1;MebiBit
 MebiBit2;MebiBit
 MebiBit3;MebiBit
 MebiByte1;MebiByte
 MebiByte2;MebiByte
 MebiByte3;MebiByte
 MegaBit1;MegaBit
 MegaBit2;MegaBit
 MegaBit3;MegaBit
 MegaByte1;MegaByte
 MegaByte2;MegaByte
 MegaByte3;MegaByte
 MHz;MHz
 MiB;MiB
 Mib;Mib
 MiBps;MiBps
 millisecond1;milisegundo
 millisecond2;milisegundo
 millisecond3;milisegundo
 minute1;minutu
 minute2;minutu
 minute3;minutu
 month1;hilabete
 month2;hilabete
 month3;hilabete
 object1;objektu
 object2;objektu
 object3;objektu
 pixel1;pixel
 pixel2;pixel
 pixel3;pixel
 second1;segundo
 second2;segundo
 second3;segundo
 text stream1;testu jarioa
 text stream2;testu jarioa
 text stream3;testu jarioa
 video frames1;bideo fotogramak
 video frames2;bideo fotogramak
 video frames3;bideo fotogramak
 video stream1;bideo jarioa
 video stream2;bideo jarioa
 video stream3;bideo jarioa
 warppoint0;deformazio punturik ez
 warppoint1;deformazio puntua
 warppoint2;deformazio puntua
 warppoint3;deformazio puntua
 week1;aste
 week2;aste
 week3;aste
 year1;urte
 year2;urte
 year3;urte
, ;, 
: ;: 
3D;
3DType;
5.1.2ch;
5.1.4ch;
5.1ch;
608_Mode;
7.1.2ch;
7.1ch;
About;Honi buruz
About_Hint;Nola jarri harremanetan nirekin eta azken bertsioa aurkitu
Accompaniment;Laguntza
ActiveFormatDescription;Formatu aktiboaren deskribapena
ActiveFormatDescription_MuxingMode;Formatu aktiboaren deskribapena, Nahasketa modua
Actor;Aktorea
Actor_Character;Pertsonaia
Add creation date to text output; Gehitu sorrera-data testu-irteeran
Add version to text output; Gehitu bertsioa testu-irteeran
Added_Date;Gehitu data
Address;Helbidea
AdID;
ADM: Show ChannelFormats;Erakutsi kanalaren formatuak
ADM: Show TrackUIDs;Erakutsi pistaren UIDak
AdmProfile;
Advanced;Aurreratua
Advanced mode;Modu aurreratua
Album;Bilduma
Album_ReplayGain_Gain;Bilduma berrirakurketa irabazia
Album_ReplayGain_Peak;Bilduma berrirakurketa irabazi gailurra
Alignment;Lerrokapena
Alignment_Aligned;Lerrokatu tarteetan
Alignment_Split;Banandu tarteetan
All;Denak
AlternateGroup;Txandakatu taldea
Archival_Location;Artxiboaren helbidea
Arranger;Konpontzailea
ArtDirector;Arte-Zuzendaria
AspectRatio;Aspektu ratioa
AssistantDirector;Zuzendariaren laguntzailea
AssociatedVideo_FrameRate;
at;
At least one file;(Gutxienez fitxateg bat ireki behar duzu)
Audio;Audioa
Audio stream(s);Audio jarioak
Audio_Codec_List;Audio kodekak
Audio_No;Audiorik ez
Audio1;Audio
Audio2;Audio
AudioComments;Audio iruzkinak
AudioCount;Audio kopurua
AudioDescription;Audio deskribapena
AudioDescriptionPresent;
AudioDescriptionType;
AudioLoudnessStandard;
AudioRenderingIndication;
AudioSceneInfoID;
AudioTrackLayout;Audio pista
Author;Egilea
Back4ToBack2;
Balance_FrontBackListener;
Balance_FrontBackOverheadFloor;
BarCode;Barra-kodea
Basic;Oinarrizkoa
Basic_Note;Oinarrizko oharra
BedChannelConfiguration;
BedChannelCount;
BinauralRenderMode;
BitDepth;Bit sakonera
BitDepth_Detected;
BitDepth_Stored;
BitRate;Bit emaria
BitRate_Encoded;Kodetuaren bit emaria
BitRate_Maximum;Gehienezko bit emaria
BitRate_Minimum;Gutxienezko bit emaria
BitRate_Mode;Bit emariaren modua
BitRate_Mode_CBR;Aldagaitza
BitRate_Mode_VBR;Aldakorra
BitRate_Nominal;Bit emari nominala
Bits-(Pixel*Frame);Bit-(Pixel*fotograma)
BufferSize;Bufferraren neurria
Cancel;Ezeztatu
CaptionServiceName;
Channel(s);Kanala(k)
ChannelCoded;
ChannelConfiguration;
ChannelFormat;
ChannelLayout;
ChannelMode;
ChannelPositions;Kanalaren kokapenak
Chapter(s);Atal
Chapters;Atalak
Chapters stream(s);Kapitulu jarioa
Chapters_Codec_List;Kapituluaren kodekak
Chapters_No;Kapitulurik gabe
ChaptersCount;Kapitulu kopurua
CheckNewVersion;Begiratu bertsio berririk dagoen
Choose custom;Hautatu egilea
Choose custom sheet;Hautatu gogoko orria
Choose custom text;Hautatu gogoko testua
Choose export format;Hautatu gogoko duzun esportazio formatua
Choose file(s);Hautatu fitxategia(k)
Choose filename;Hautatu fitxategi izena
Choose language;Hautatu hizkuntza
Choreographer;Koreografoa
Chroma;
ChromaSubsampling;
Classifier;
ClearList;
Close;Itxi
Close all before open;Itxi guztiak ireki aurretik
ClosedCaptionsLanguage;
ClosedCaptionsPresent;
ClosedCaptionsType;
Codec;Kodeka
Codec_Description;Kodekaren deskribapena
Codec_Info;Kodekaren xehetasunak
Codec_Profile;Kodek profila
Codec_Settings;Kodek ezarpenak
Codec_Settings_BVOP;Kodek ezarpenak, BVOP
Codec_Settings_CABAC;Kodek ezarpenak, CABAC
Codec_Settings_Endianness;Kodek ezarpenak, Endianness
Codec_Settings_Firm;Kodek ezarpenak, Firm
Codec_Settings_Floor;Kodek ezarpenak, Floor
Codec_Settings_GMC;Kodek ezarpenak, GMC
Codec_Settings_ITU;Kodek ezarpenak, ITU
Codec_Settings_Law;Kodek ezarpenak, Law
Codec_Settings_Matrix;Kodek ezarpenak, Matrix
Codec_Settings_PacketBitStream;Kodek ezarpenak, Pakete bitjarioa
Codec_Settings_QPel;Kodek ezarpenak, QPel
Codec_Settings_Sign;Kodek ezarpenak, Sign
Codec_Url;Kodekaren weblotura
CodecConfigurationBox;
CodecID;Kodek ID-a
CodecID_Description;Kodekaren deskribapena:
CoDirector;
Collection;Bilduma
Colorimetry;Kolorimetria
ColorSpace;Kolore-eremua
colour_primaries;Oinarrizko koloreak
colour_range;Kolore-tartea
Comment;Iruzkina
CommissionedBy;Eskatzailea
Compilation;Bilketa
ComplementaryObject;
CompleteName;Izen osoa
CompletionDate;
ComplexityIndex;
Composer;Konpositorea
Compression_Mode;Konpresio modua
Compression_Mode_Lossless;Galerarik gabeko konpresioa
Compression_Mode_Lossy;Galera duen konpresioa
Compression_Ratio;Konpresio maila
Conductor;
ConformanceCheck;
ConformanceErrors;
ConformanceInfos;
ConformanceWarnings;
ContactEmail;
ContactTelephoneNumber;
Container and general information;Edukiontzia eta argibide orokorrak
Content;
ContentType;Eduki-Mota
CoProducer;Koproduktorea
Copyright;Jabetza eskubideak
CopyrightYear;Jabetza eskubideen urtea
CostumeDesigner;Diseinatzailea
Count;Kopurua
Country;Herrialdea
Cover;Azala
Cover_Datas;Azal datuak
Cover_Description;Azalaren deskribapena
Cover_Mime;Azal MIME
Cover_Type;Azala mota
Cropped;Moztuta
Custom;Egilea
CustomDownmixTargets;
Customize;Pertsonalizatu
DarkMode;Modu iluna
Date;Data
Debug;Garbiketa
Decimal point;Hamarren puntua
Default_Setting;Lehenetsitako ezarpenak
DefaultTargetDeviceConfig;
Delay;Atzerapena
Delay_Source;
Delay_Source_Container;
Delay_Source_Stream;
Delete;Ezabatu
Description;Deskribapena
dialnorm;
DialogueCorrected;
DialogueEnhancement;
DialogueNormalization;
Digitized_Date;Digitalizatze eguna
Dimensions;Neurriak
Director;Zuzendaria
DirectorOfPhotography;Argazki zuzendaria
Disabled;
DisplayAspectRatio;Pantailaren aspektu ratioa
DisplayAspectRatio_CleanAperture;
DisplayAspectRatio_Original;Jatorrizko pantailaren aspektu ratioa
DistributedBy;Banatzailea
Distributor;
Dolby_Atmos_Metadata;
DolbyAtmos;
Donate;Eman dirulaguntza bat
DotsPerInch;Puntu hatzbeteko
Downmix;
Downmix_5.1.x;
Downmix_5to2;
DrcSets_Count;
DrcSets_Effects;
Duration;Iraupena
Duration_End;Amaiera denbora
Duration_End_Command;
Duration_Start;Hasiera denbora
Duration_Start_Command;
Duration_Start2End;
DynamicObject;
DynamicRangeControl;
Eac3DrcProfile;
Edit;Editatu
EditedBy;Editatzailea
EditorialClassification;
ElementaryStream;
ElementCount;
EMail;Posta elektronikoa
Encoded_Application;Kodeketa aplikazioa
Encoded_Date;Kodeketa eguna
Encoded_Library;
Encoded_Library_Settings;Kodeaketa ezarpenak
Encoded_Original;
EncodedBy;
EPG_Positions;EPG kokapenak
EpisodeTitleNumber;
Error_File;Akatsa fitxategia
Error_File_Write;
Events_PaintOn;
Events_PopOn;
Events_RollUp;
Events_Total;
ExecutiveProducer;Produktore exekutiboa
Exit;Irten
Exit_Hint;Utzi programa
Export;Esportatu
Export_Hint;
Extensions;Hedapenak
External_Media_NotMounted;
Family;Familia
Fax;Faxa
File;Fitxategia
File size;Fitxategiaren tamaina
File_Append;Gehitu dagoen fitxategiari
File_Created_Date;Fitxategiaren sortze eguna
File_Created_Date_Local;Fitxategiaren sortze eguna (tokikoa)
File_Hint;Fitxategiaren azterketa
File_Modified_Date;Fitxategiaren azken aldaketa eguna
File_Modified_Date_Local;Fitxategiaren azken aldaketa eguna (tokikoa)
FileExtension;Fitxategiaren luzapena
FileName;Fitxategi izena
FileNameExtension;Fitxategiaren luzapena
FileSize;Fitxategiaren tamaina
FirstDisplay_Delay_Frames;
FirstDisplay_Type;
FirstFrameOfAction;
FlatPanelTv;
FlowID;
Folder;Karpeta
Folder (R);Karpeta (R)
Folder (R)_Hint;
Folder (Recursively);Karpeta (errekurtsiboa)
Folder_Hint;
FolderName;Karpetaren izena
Format;Formatua
Format_Commercial;Formatu komertziala
Format_Commercial_IfAny;
Format_Compression;Formatuaren konpresioa
Format_Description;Formatuaren deskripzioa
Format_Info;Formaturaren informazioa
Format_Level;Konpresio maila
Format_Profile;Formatuaren profila
Format_Settings;Formatuaren ezarpenak
Format_Settings_BVOP;Formatuaren ezarpenak, BVOP
Format_Settings_CABAC;Formatuaren ezarpenak, CABAC
Format_Settings_Emphasis;
Format_Settings_Endianness;
Format_Settings_Firm;
Format_Settings_Floor;
Format_Settings_FrameMode;
Format_Settings_GMC;Formatuaren ezarpenak, GMC
Format_Settings_GOP;Formatuaren ezarpenak, GOP
Format_Settings_ITU;Formatuaren ezarpenak, ITU
Format_Settings_Law;Formatuaren ezarpenak, Law
Format_Settings_Matrix;Formatuaren ezarpenak, Matrix
Format_Settings_Matrix_Custom;
Format_Settings_Matrix_Default;
Format_Settings_Mode;
Format_Settings_ModeExtension;
Format_Settings_PacketBitStream;
Format_Settings_PS;Formatuaren ezarpenak, PS
Format_Settings_Pulldown;
Format_Settings_QPel;
Format_Settings_RefFrames;Formatuaren ezarpenak, RefFrames
Format_Settings_SBR;Formatuaren ezarpenak, SBR
Format_Settings_Sign;Formatuaren ezarpenak, Sign
Format_Settings_Wrapping;
Format_Tier;
Format_Url;Formatuaren URLa
Format_Version;Formatuaren bertsioa
FormatDefinition;
FpaManufacturer;
FpaPass;
FpaVersion;
FrameCount;Frotograma kopurua
FrameRate;Fotograma emaria
FrameRate_Maximum;Gehienezko fotograma emaria
FrameRate_Minimum;Gutxienezko fotograma emaria
FrameRate_Mode;Fotograma emaria modua
FrameRate_Mode_CFR;Aldagaitza
FrameRate_Mode_VFR;Aldakorra
FrameRate_Nominal;Nominala
FrameRate_Original;Jatorrizko fotograma emaria
FrameRate_Real;
General;Orokorra
Genre;Generoa
Genre_000;Bluesa
Genre_001;Rock Klasikoa
Genre_002;Countrya
Genre_003;Dancea
Genre_004;Diskoa
Genre_005;Funka
Genre_006;Grungea
Genre_007;Hip-Hopa
Genre_008;Jazza
Genre_009;Metala
Genre_010;New Agea
Genre_011;Oldiesa
Genre_012;Beste
Genre_013;Popa
Genre_014;R&B-a
Genre_015;Rapa
Genre_016;Reggaea
Genre_017;Rocka
Genre_018;Teknoa
Genre_019;Industriala
Genre_020;Alternatiboa
Genre_021;Ska
Genre_022;Death Metala
Genre_023;Pranksa
Genre_024;Soundtracka
Genre_025;Euro-Teknoa
Genre_026;Ambienta
Genre_027;Trip-Hopa
Genre_028;Ahotsa
Genre_029;Jazza+Funka
Genre_030;Fusiona
Genre_031;Tranzea
Genre_032;Klasikoa
Genre_033;Instrumentala
Genre_034;Acida
Genre_035;Housea
Genre_036;Gamea
Genre_037;Sound Klipa
Genre_038;Gospela
Genre_039;Noisea
Genre_040;AlternRocka
Genre_041;Bassa
Genre_042;Soula
Genre_043;Punka
Genre_044;Spacea
Genre_045;Meditatiboa
Genre_046;Pop Instrumentala
Genre_047;Rock Instrumentala
Genre_048;Etnikoa
Genre_049;Gotikoa
Genre_050;Darkwavea
Genre_051;Tekno-Industriala
Genre_052;Elektronikoa
Genre_053;Pop-Folka
Genre_054;Eurodancea
Genre_055;Dreama
Genre_056;Southern Rocka
Genre_057;Komedia
Genre_058;Culta
Genre_059;Gangsta
Genre_060;Top 40
Genre_061;Kristau Rapa
Genre_062;Pop/Funka
Genre_063;Junglea
Genre_064;Indira Amerikarra
Genre_065;Kabareta
Genre_066;New Wavea
Genre_067;Psikodelikoa
Genre_068;Ravea
Genre_069;Showtunesa
Genre_070;Trailerra
Genre_071;Lo-Fia
Genre_072;Tribala
Genre_073;Acid Punka
Genre_074;Acid Jazza
Genre_075;Polka
Genre_076;Retroa
Genre_077;Musikala
Genre_078;Rock & Rolla
Genre_079;Hard Rocka
Genre_080;Folka
Genre_081;Folk-Rocka
Genre_082;Folk Nazionala
Genre_083;Swinga
Genre_084;Fast Fusiona
Genre_085;Beboba
Genre_086;Latina
Genre_087;Revivala
Genre_088;Zeltiarra
Genre_089;Bluegrassa
Genre_090;Avantgardea
Genre_091;Rock Gotikoa
Genre_092;Rock Progresiboa
Genre_093;Rock Psikodelikoa
Genre_094;Rock Sinfonikoa
Genre_095;Slow Rocka
Genre_096;Big Banda
Genre_097;Abesbatza
Genre_098;Entzun Erraza
Genre_099;Akustikoa
Genre_100;Humorea
Genre_101;Hizketa
Genre_102;Abestia
Genre_103;Antzez-abestia
Genre_104;Ganbara Musika
Genre_105;Sonata
Genre_106;Sinfonia
Genre_107;Booty Bassa
Genre_108;Primusa
Genre_109;Porn Groovea
Genre_110;Satirea
Genre_111;Slow Jama
Genre_112;Cluba
Genre_113;Tangoa
Genre_114;Samba
Genre_115;Folklorea
Genre_116;Balada
Genre_117;Power Balada
Genre_118;Soul Ritmikoa
Genre_119;Freestylea
Genre_120;Dueta
Genre_121;Punk Rocka
Genre_122;Drum Soloa
Genre_123;A capella
Genre_124;Euro-Housea
Genre_125;Dance Halla
Genre_126;Goa
Genre_127;Drum & Bassa
Genre_128;Club-Housea
Genre_129;Hardcorea
Genre_130;Beldurrezkoa
Genre_131;Indiea
Genre_132;Britpopa
Genre_133;Negerpunka
Genre_134;Polsk Punka
Genre_135;Beata
Genre_136;Kristau Gangsta Rapa
Genre_137;Heavy Metala
Genre_138;Black Metala
Genre_139;Crossoverra
Genre_140;Kristau Garaikidea
Genre_141;Kristau Rocka
Genre_142;Merengea
Genre_143;Salsa
Genre_144;Trash Metala
Genre_145;Anima
Genre_146;JPopa
Genre_147;Synthpopa
Genre_148;Abstraktoa
Genre_149;Art Rocka
Genre_150;Baroque
Genre_151;Bhangra
Genre_152;Big Beata
Genre_153;Breakbeata
Genre_154;Chillouta
Genre_155;Downtempoa
Genre_156;Duba
Genre_157;EBM
Genre_158;Eklektikoa
Genre_159;Elektroa
Genre_160;Elektroclasha
Genre_161;Emoa
Genre_162;Esperimentala
Genre_163;Garagea
Genre_164;Globala
Genre_165;IDM-a
Genre_166;Illbienta
Genre_167;Industri-Gotikoa
Genre_168;Jam Banda
Genre_169;Krautrocka
Genre_170;Leftfielda
Genre_171;Loungea
Genre_172;Math Rocka
Genre_173;Erromantiko Berria
Genre_174;Nu-Breakza
Genre_175;Post-Punka
Genre_176;Post-Rocka
Genre_177;Psytrance
Genre_178;Shoegaze
Genre_179;Space Rocka
Genre_180;Trop Rocka
Genre_181;Munduko Musika
Genre_182;Neoklasikoa
Genre_183;Audio-liburua
Genre_184;Audio Zinema
Genre_185;Neue Deutsche Welle
Genre_186;Podcasta
Genre_187;Indie Rocka
Genre_188;G-Funka
Genre_189;Dubstep
Genre_190;Garage Rocka
Genre_191;Psybienta
Go to WebSite;Joan webgunera
Gop_OpenClosed;
Gop_OpenClosed_Closed;
Gop_OpenClosed_FirstFrame;
Gop_OpenClosed_Open;
Graph;
Group;
Grouping;
GroupPreset;
h;
HDR_Format;HDR formatua
Header file;
Height;Altuera
Height_CleanAperture;
Height_Original;Jatorrizko altuera
Help;Laguntza
Hint;
HomeTheaterAvr;
How many audio streams?;Zenbat audio pista?
How many chapters streams?;Zenbat kapitulu pista?
How many text streams?;Zenbat testu pista?
How many video streams?;Zenbat bideo pista?
HTML;HTML
ID;ID-a
IdentClockStart;
IFrameInterval;
Image;Irudia
Image stream(s);Irudi pista(k)
Image_Codec_List;Irudiaren kodek zerrenda
ImageCount;Irudi kopurua
ImmersiveStereo;
Info;Argibideak
Instruments;Tresnak
IntegratedLoudness;
IntegratedLoudness_Level;
IntegratedLoudness_Speech;
InteractivityEnabled;
Interlaced_BFF;Beheko Eremua Lehenik
Interlaced_Interlaced;Elkarlotuta
Interlaced_PPF;Aurrerakorra
Interlaced_Progressive;Aurrerakorra
Interlaced_TFF;Goiko Eremua Lehenik
Interlacement;Elkarlotura
Interleave_Duration;Tartekatuta, iraupena
Interleave_Preload;Tartekatuta, aurregertaketa iraupena
Interleave_VideoFrames;Tartekatuta, iraupena
Interleaved;Tartekatuta
InternetMediaType;Internet multimedia mota
IRCA;IRCA
ISBN;ISBN
ISRC;ISRC
Keywords;Laster-teklak
Known codecs;Ezagutu kodekak
Known formats;Ezagutu formatuak
Known parameters;Ezagutu parametroak
Label;Etiketa
Language;Hizkuntza
Language_aa;Afarera
Language_ab;Abkhazianera
Language_ae;Avestanera
Language_af;Afrikaanera
Language_ak;Akanera
Language_am;Amharicera
Language_an;Aragoiera
Language_ar;Arabiera
Language_as;Assamesera
Language_av;Avarikera
Language_ay;Aymarera
Language_az;Azerbaianera
Language_ba;Bashkirera
Language_be;Belaerrusiera
Language_bg;Bulgariera
Language_bh;Bihariera
Language_bi;Bislamera
Language_bm;Bambarera
Language_bn;Bengaliera
Language_bo;Tibetera
Language_br;Bretainiera
Language_bs;Bosniera
Language_ca;Kataluniera
Language_ce;Txetxeniera
Language_ch;Chamorroera
Language_co;Korsikera
Language_cr;Creeera
Language_cs;Txekiera
Language_cu;Eslavera
Language_cv;Chuvashera
Language_cy;Galesera
Language_da;Daniera
Language_de;Alemaniera
Language_dv;Divehiera
Language_dz;Dzongkhaera
Language_ee;Eweera
Language_el;Greziera
Language_en;Ingelera
Language_en-gb;Ingelera (Erresuma Batua)
Language_en-us;Ingelera (Estatu Batuak)
Language_eo;Esperantoera
Language_es;Espainiera
Language_es-419;
Language_et;Estoniera
Language_eu;Euskara
Language_fa;Persiera
Language_ff;Fulahera
Language_fi;Finlandiera
Language_fj;Fijianera
Language_fo;Faroera
Language_fr;Frantziera
Language_fy;Frisiera
Language_ga;Irlandera
Language_gd;Gaeliera
Language_gl;Galiziera
Language_gn;Guaraniera
Language_gu;Gujaratiera
Language_gv;Manxera
Language_ha;Hausaera
Language_he;Hebraiera
Language_hi;Hindera
Language_ho;Hiri Motuera
Language_hr;Kroaziera
Language_ht;Haitiera
Language_hu;Hungariera
Language_hy;Armeniera
Language_hy-az;
Language_hz;Hereroera
Language_ia;Hizkuntza Elkarte Laguntzailea
Language_id;Indonesiera
Language_ie;Interlinguera
Language_ig;Igboera
Language_ii;Sichuan Yiera
Language_ik;Inupiaqera
Language_Info;Hizkuntza argibideak
Language_io;Idoera
Language_is;Islandiera
Language_it;Italiera
Language_iu;Inuktitutera
Language_ja;Japoniera
Language_jv;Javanera
Language_ka;Georgiera
Language_kg;Kongoera
Language_ki;Kikuyuera
Language_kj;Kuanyamaera
Language_kk;Kazakhera
Language_kl;Kalaallisutera
Language_km;Khmerera
Language_kn;Kannadera
Language_ko;Koreaera
Language_kr;Kanuriera
Language_ks;Kashmiriera
Language_ku;Kurdistanera
Language_kv;Komiera
Language_kw;Korniera
Language_ky;Kirghizera
Language_la;Latinera
Language_lb;Luxenburgera
Language_lg;Gandaera
Language_li;Linburgera
Language_ln;Lingalaera
Language_lo;Laoera
Language_lt;Lituaniera
Language_lu;Luba-Katangera
Language_lv;Letoniea
Language_mg;Malagasiera
Language_mh;Marshallera
Language_mi;Maoriera
Language_mk;Mazedoniera
Language_ml;Malayalamera
Language_mn;Mongoliera
Language_mn-cn;
Language_mo;Moldabiera
Language_More;Hizkuntza, argibide gehiago
Language_mr;Marathiera
Language_ms;Malaiera
Language_ms-bn;
Language_mt;Maltaera
Language_mul;Hizkuntza anitz
Language_my;Burmesera
Language_na;Nauruera
Language_nb;Norbegiera Bokmal
Language_nd;Ndebelera
Language_ne;Nepaliera
Language_ng;Ndongaera
Language_nl;Herbeherera
Language_nl-be;
Language_nn;Norbegiera Nynorsk
Language_no;Norbegiera
Language_nr;Ndebelera
Language_nv;Navajoera
Language_ny;Nyanjera
Language_oc;Okzitaniera
Language_oj;Ojibwaera
Language_om;Oromoera
Language_or;Oriyaera
Language_os;Osetiera
Language_pa;Panjabiera
Language_pi;Paliera
Language_pl;Poloniera
Language_ps;Pushtoera
Language_pt;Portugalera
Language_pt-br;Portugalera (Brazil)
Language_qu;Quechuera
Language_rm;Raeto-Erromantzea
Language_rn;Rundiera
Language_ro;Errumaniera
Language_ru;Errusiera
Language_rw;Kinyarwandera
Language_sa;Sanskritera
Language_sc;Sardiniera
Language_sd;Sindhiera
Language_se;Ipar Samiera
Language_sg;Sangoera
Language_si;Sinhalaera
Language_sk;Eslobakiera
Language_sl;Eslobeniera
Language_sm;Samoera
Language_smi;
Language_sn;Shonaera
Language_so;Somaliera
Language_sq;Albaniera
Language_sr;Serbiera
Language_ss;Swatiera
Language_st;Sothoera
Language_su;Sundanera
Language_sv;Suediera
Language_sw;Swahiliera
Language_ta;Tamilera
Language_te;Teluguera
Language_tg;Tajikera
Language_th;Thailandiera
Language_ti;Tigrinyera
Language_tk;Turkmeniera
Language_tl;Tagalogera
Language_tn;Tswanaera
Language_to;Tongaera
Language_tr;Turkiera
Language_ts;Tsongaera
Language_tt;Tatarrera
Language_tw;Twiera
Language_ty;Tahitiera
Language_ug;Uighurrera
Language_uk;Ukrainiera
Language_ur;Urduera
Language_uz;Uzbekera
Language_ve;Vendaera
Language_vi;Vietnamiera
Language_vo;Volapukera
Language_wa;Waloniera
Language_wo;Wolofera
Language_xh;Xhosaera
Language_yi;Yiddiera
Language_yo;Yorubera
Language_za;Zhuangera
Language_zh;Txinera
Language_zh-cn;Txinera (Txina)
Language_zh-tw;Txinera (Taiwan)
Language_zu;Zuluera
LawRating;Lege maila
LCCN;LCCN
LfeAttenuationKnown;
LfeMixGain;
Library;Nahasketa liburutegia
Lifetime_Subscribe_Button;
Lightness;Argitasuna
Lines_Count;
Lines_MaxCountPerEvent;
LineUpStart;
LinkedTo_Bed_Pos;
LinkedTo_ChannelFormat_Pos;
LinkedTo_ComplementaryObject_Pos;
LinkedTo_Content_Pos;
LinkedTo_Group_Pos;
LinkedTo_Object_Pos;
LinkedTo_PackFormat_Pos;
LinkedTo_SignalGroup_Pos;
LinkedTo_StreamFormat_Pos;
LinkedTo_Substream_Pos;
LinkedTo_TrackFormat_Pos;
LinkedTo_TrackUID_Pos;
List;Zerrenda
LoRoCenterMixGain;
LoRoSurroundMixGain;
Loudness_Anchor;
Loudness_Anchor_Album;
Loudness_Count;
Loudness_Count_Album;
Loudness_MaximumMomentary;
Loudness_MaximumMomentary_Album;
Loudness_MaximumOfRange;
Loudness_MaximumOfRange_Album;
Loudness_MaximumShortTerm;
Loudness_MaximumShortTerm_Album;
Loudness_ProductionMixingLevel;
Loudness_ProductionMixingLevel_Album;
Loudness_Program;
Loudness_Program_Album;
Loudness_Range;
Loudness_Range_Album;
Loudness_RoomType;
Loudness_RoomType_Album;
LtRtCenterMixGain;
LtRtSurroundMixGain;
Lyricist;Abestidazlea
Lyrics;Abestidatziak
Mastered_Date;Masterizatze eguna
MasteredBy;Masterizatzailea
MasteringDisplay_ColorPrimaries;
MasteringDisplay_Luminance;
Matrix_Channel(s);
Matrix_ChannelPositions;
matrix_coefficients;Matrize ezaugarriak
Matrix_Format;
MaxCLL;
MaxFALL;
MaxGain;
MaximumMomentaryLoudness;
MaxTruePeak;
MediaInfo_About;MediaInfo-k sarbide erraza eskaintzen du bideo eta audio agirien argibide teknikoetara eta etiketara.\r\nSoftware askea da, honek esanahi du dohainekoa dela erabiltzaileentzat eta garatzaileek askatasuna dutela ikertzeko, hobetzeko eta programa birbanatzeko (BSD baimena)
MediaInfo_About_About;
Menu;Menua
Menu stream(s);Menu jarioak
Menu_Codec_List;Menu kodekak
Menu_Hint;Aukera gehiago
Menu_No;Menurik ez
MenuCount;
MenuID;Menu ID-a
Metadata_Format;
Metadata_Format_Type;
Metadata_MuxingMode;
MixType;
mn; min
Mood;Modua
More;Gehiago
Movie;Filma izena
ms; 
MSDI;MSDI
MultipleStream;
MusicBy;Musikaria
MuxingMode;Nahasketa modua
MuxingMode_MoreInfo;Nahasketa modua, argibide gehiago
MuxingMode_PackedBitstream;Paketatutako bitjarioa
Name;Izena
Nationality;Herrialdea
NetworkName;Sare izena
New;Berria
Newest version;Egiaztatu bertsio berririk dagoen (beharrezkoa Internet)
NewVersion_Menu;Bertsio berri bat eskuragarri dago
NewVersion_Question_Content;Bertsio berri bat (v%Version%) eskuragarri dago, deskargatu nahi duzu?
NewVersion_Question_Title;Bertsio berri bat argitaratu da!
No;Ez
Not yet;Oraindik ez
NumberOfChannelFormats;
NumberOfContents;
NumberOfDynamicObjects;
NumberOfElementaryStreams;
NumberOfObjects;
NumberOfPackFormats;
NumberOfPresentations;
NumberOfProgrammes;
NumberOfStreamFormats;
NumberOfSubstreams;
NumberOfTrackFormats;
NumberOfTrackUIDs;
NumColors;Kolore kopurua
Object;Objektua
ObjectCount;
OK;Ongi
One output file per input file;Irteera fitxategi bat sarrera fitxategiko
Open;Ireki
OpenCandy_01;Deskargatzen ________
OpenCandy_02;__% Osatuta
OpenCandy_03;Internet etenda
OpenCandy_04;________ dekarga osatatuta
OpenCandy_05;Klikatu ezartzeko ________
OpenCandy_06;Zihur zaude ezarpena ezeztatzea nahi duzula?\r\nEzarpen geroagorako uztea nahi baduzu, hautatu 'Ez'.\r\nOharra: Irten hautatu dezakezu menutik ezarpena geroagoratzeko hurrengo aldian berrabiarazi arte.
OpenCandy_07;________ deskarga pausatuta dago.\r\nKlikatu erretilu ikurrean deskargari berrekiteko.
OpenCandy_08;Akats larri bat gertatu da. _________-ren ezarpena utzi egin da.
OpenCandy_09;Pausatu deskarga
OpenCandy_10;Ezarpena ezeztatu
OpenCandy_11;Berrekin deskarga
OpenCandy_12;Irten Ezarpenetatik
OpenCandy_13;___________ - Gomendatzailea: ____________
OpenCandy_14;_________ deskargatzen
OpenCandy_15;___________, ___________-k gomendatzen dizun softwarea deskargatzen ari da. Ezartzeko gertu dagoenean jakinaraziko dizugu.
OpenCandy_16;___________ gertu dago ezartzeko
OpenCandy_17;___________ osorik deskargatu da. Mesedez klikatu 'Ezarri' jarraitzeko.
OpenCandy_18;___________ -> ___________ deskargatuta
OpenCandy_19;OpenCandy-ek garatuta
OpenCandy_20;Gehiago jakiteko: OpenCandy.com
OpenCandy_21;Ezarri
OpenCandy_22;___________-ren ezarpena
OpenCandy_23;Honek ___________-ren ezarpena ezeztatuko du\r\nZihur zaude irten nahi duzula?
OpenCandy_24;Pausatu
OpenCandy_25;Zure deskarga pausatuta dago. Klikatu 'Berrekin' jarraitzeko gertu zaudenean.
OpenCandy_26;Berrekin
OpenCandy_27;Ezarri Orain
OpenCandy_28;Pausatu deskarga
OpenCandy_29;Berrekin deskargari
OpenCandy_30;Ezeztatu Ezarpena
OpenCandy_31;Mesedez hautatu ezarpen aukera
OpenCandy_32;Ezarri ___________
OpenCandy_33;Ez Ezarri
OpenCandy_34;Mesedez hautatu ezarpen aukera
OpenCandy_35;______ software hau gomendatzen du
OpenCandy_36;Zure uneko ezarpena ez da etengo
OpenCaptionsLanguage;
OpenCaptionsPresent;
OpenCaptionsType;
Options;Aukerak
Options_Hint;Hobespenak
Original;Jatorrizkoa
OriginalNetworkName;Jatorrizko sarearen izena
OriginalSourceForm;Jatorrizko iturburuaren forma
OriginalSourceMedium;Jatorrizko iturburuaren media
OriginalSourceMedium_ID;
Originator;
Other;Beste bat
OtherIdentifier;
OtherIdentifierType;
Output;Irteera
Output format;Irteera foratua
OverallBitRate;Bit emaria guztira
OverallBitRate_Maximum;Gehienezko bit emaria guztira
OverallBitRate_Minimum;Gutxienezko bit emaria guztira
OverallBitRate_Mode;Bit emaria modua guztira
OverallBitRate_Nominal;Bit emaria izendatua guztira
PackageName;
PackFormat;
Part;Zatia
Part_Count;Zati kopurua
PartNumber;
PartTotal;
Performer;Egilea
Period;Aldia
Phase90FilterInfo;
Phase90FilterInfo2ch;
Phone;Telefonoa
PictureRatio;
PixelAspectRatio;Pixel aspektu ratioa
PixelAspectRatio_CleanAperture;
PixelAspectRatio_Original;
PlayCounter;
Played_Count;
Played_First_Date;
Played_Last_Date;
PlayTime;
PodcastCategory;
PortableHeadphones;
PortableSpeakers;
Position;Kokapena
Position_Cartesian;
Position_Polar;
Position_Total;Guztira
Preferences;Hobespenak
PreferredDownmix;
Premium;
Premium_Summary;
PreselectionLabel;
Presentation;
PresentationConfig;
PresentationConfig_ContentClassifier;
PresentationID;
PreviousDownmixType5ch;
PreviousMixType2ch;
PrimaryAudioLanguage;
Producer;Ekoizlea
ProductionDesigner;Ekoizpen diseinatzailea
ProductionNumber;
ProductionStudio;Ekoizpen estudioa
ProductPlacement;
Programme;
ProgrammeHasText;
ProgrammeTextLanguage;
ProgrammeTitle;
Publisher;Argitaratzailea
Purchased_Date;erosketa eguna
Quote character;
RadioStation;Irrati katea
Rating;Mailaketa
RealtimeLoudnessCorrected;
Recorded_Date;Grabaketa eguna
Recorded_Location;Grabaketa tokia
Released_Date;Argitaratze eguna
RemixedBy;
RenderMode;
Renew;
ReplayGain_Gain;Irabazia
ReplayGain_Peak;Irabazi gailurra
Report;
Resolution;Bereizmena
RestoreLifetimeSubscription;
s;s
SamplePeakLevel;
SamplePeakLevel_Album;
SamplesPerFrame;
SamplingCount;Lagin zenbatekoa
SamplingRate;Laginketa neurria
Save;Gorde
ScanOrder;
ScanOrder_Original;
ScanOrder_Stored;
ScanOrder_StoredDisplayedInverted;
ScanOrder_StoreMethod;
ScanType;
ScanType_Original;
ScanType_StoreMethod;
ScreenplayBy;Gidoilaria
ScreenToCenter;
ScreenToFront;
Season;Denboraldia
SecondaryAudioLanguage;
see below;ikusi behean
Send HeaderFile;Mesedez bidali fitxategia hona : http://sourceforge.net/projects/mediainfo/ (Akats arloa)
Separator_Columns;Zutabe bereizlea
Separator_Lines;Lerro bereizlea
SeriesTitle;
ServiceChannel;
ServiceKind;
ServiceName;Zerbitzuaren izena
ServiceProvider;Zerbitzu hornitzailea
ServiceType;Zerbitzu mota
Set;Ezarri
Set_Count;Ezarri zenbatekoa
Setup;Ezarpena
Sharpness;Garbitasuna
Sheet;Orria
Sheet (Complete);Orria (Osoa)
Shell extension;Explorer hedapena (Windows Explorer, eskuin klikatu agiri bat, MediaInfo aukera bat egongo da)
Shell extension, folder;Karpetentzat ere bai
Shell InfoTip;Explorer Tresnaburua (Explorerrean, mugitu sagua fitxategiaren gainean, argibideak erakutsiko dira)
ShimName;
ShimVersion;
Show menu;Erakutsi menua
Show toolbar;Erakutsi tresna barra
SignalGroup;
SigningPresent;
SignLanguage;
Sort;Ordenatu honela
SoundCategory;
SoundEngineer;Soinu ingeniaria
Source;Iturburua
Source_Duration;Iturburuaren iraupena
Source_FrameCount;Iturburu fotograma kopurua
Source_SamplingCount;Iturburu lagin zenbatekoa
Source_StreamSize;Iturburu jario neurria
Source_StreamSize_Encoded;Iturburu kodeaketa jario neurria
SpokenSubtitles;
Standard;Estandarra
StoreMethod_InterleavedFields;
StoreMethod_SeparatedFields;
StoreMethod_SeparatedFields_1;
StoreMethod_SeparatedFields_2;
Stream;Jarioa
Stream_MoreInfo;Jarioari buruzko argibide gehiago
StreamCount;Mota honetako jario kopurua
StreamFormat;
StreamID;Jario ID-a
streamIdentifier;
StreamKind;Jario Mota
StreamKindID;
StreamKindPos;
StreamSize;
StreamSize_Demuxed;
StreamSize_Encoded;
StreamSize_Proportion;
Subject;Gaia
Subscribe;
Subscribe_Button;
Subscribe_Failed;
Subscribe_Manage;
Subscribe_Renew;
Subscribe_Renew_Price;
Subscribe_Unaviable;
Subscribe_Waiting;
Subscription_Active;
Subscription_Android;
Subscription_Ended;
Subscription_Expired;
Subscription_Lifetime;
Subscription_Thanks;
Substream;
SubTrack;Azpi-pista
SubtstreamIdChannel;
Summary;Laburpena
Supported formats;Onartutako formatuak
Supported?;Onartua?
SupportUs;
SurroundAttenuationKnown;
SwitchGroup;
Synopsis;Laburpena
SystemId;
Tagged_Application;Aplikazio etiketatzea
Tagged_Date;Etiketatze eguna
TargetDeviceConfig;
Technician;Teknikaria
TermsOfUse;Erabilpen baldintzak
TertiaryAudioLanguage;
Text;Testua
Text - Custom;
Text (HTML);
Text stream(s);
Text streams;
Text_Codec_List;
Text_No;Testurik gabe
Text1;
Text2;
Text3;
TextCount;Testu kopurua
TextlessElementsExist;
ThanksTo;Eskerrak
Thousands separator;Milakoen bereizlea 
TimeCode;Denbora-kodea
TimeCode_FirstFrame;
TimeCode_LastFrame;
TimeCode_MaxFrameNumber;
TimeCode_MaxFrameNumber_Theory;
TimeCode_Settings;Denbora-kodea, ezarpenak
TimeCode_Source;Denbora-kodea, iturburua
TimeCode_Stripped;
TimeStamp;
TimeZone;Ordu-eremua
Title;Izenburua
Title_More;Izenburua, argibide gehiago
Top4ToTop2;
TopBackToFront;
TopBackToSide;
TopFrontToBack;
TopFrontToFront;
TopFrontToSide;
Total;Guztira
TotalNumberOfParts;
TotalProgrammeDuration;
Track;Pista
Track_Count;Pista kopurua
TrackFormat;
TrackIndex;
TrackUID;
transfer_characteristics;Eskualdaketa ezaugarriak
Translate_Reports;
Translator;Itzultzailea
Transport;
Tree;Zuhaitza
Tree & Text;Zuhaitza eta Testua
Trim_Center;
Trim_Height;
Trim_Surround;
TrimMode;
TrimMode0i;
TrimMode1i;
TrimMode2i;
TrimMode3i;
TrimMode4i;
TrimMode5i;
TrimMode6i;
TrimMode7i;
TrimMode8i;
TruePeakLevel;
TruePeakLevel_Album;
Type;Mota
TypeDefinition;
UniqueID;ID bakarra
UniversalAdID;
UniversalAdID_Registry;
UniversalAdID_Value;
Unknown;Ezezaguna
Url;Url-a
Video;Bideoa
Video stream(s);Bideo jarioa(k)
Video_Codec_List;Bideo Kodekak
Video_Delay;Bideoarekiko atzerapena
Video_No;Bideorik ez
Video0_Delay;Bideo0 atzerapena
Video1;Lehen bideo jarioa
VideoComments;
VideoCount;Bideo kopurua
View;Ikusi
View_Hint;Aldatu argibideak ikusteko modua
Views;
Warning : more streams in the files;Kontuz : jario gehiago daude fitxategietan
Web;Web orria
WebSite;Webgunea
WebSite_Audio;Joan audio kodek honen webgunera
WebSite_Audio_More;Joan webgunera (%Url%) audio kodek hau bilatzeko
WebSite_General;Joan agiri honentzako irakurgailu webgunera
WebSite_General_More;Joan fitxategi honentzako irakurgailu webgunera
WebSite_Text;Joan testu kode honen webgunera
WebSite_Text_More;Joan webgunera (%Url%) testu kodek hau bilatzeko
WebSite_Url;http://MediaArea.net/MediaInfo
WebSite_Video;Joan bideo kodek honen webgunera
WebSite_Video_More;Joan webgunera (%Url%) bideo kodek hau bilatzeko
Width;Zabalera
Width_CleanAperture;
Width_Original;Jatorrizko zabalera
WriteMe;Idatzi post@ egileari
WriteToTranslator;Idatzi itzultzaileari
Written_Date;Idazte eguna
Written_Location;Idazte helbidea
WrittenBy;Idazlea
Yes;Bai
Your system;Zure sistema
ZZ_Automatic_Percent;75
ZZ_AutomaticLanguage_Percent;75
