  Language_ISO639;fa
  Author_Email;Martik.Panosian@gmail.com
  Author_Name;Martik Panosian
  Author_OldNames;Martik
  Language_Name;Persian  ÙØ§Ø±Ø³ÛŒ
  Config_Text_ColumnSize;40
  Config_Text_Separator; : 
  Config_Text_NumberTag; #
  Config_Text_FloatSeparator;.
  Config_Text_ThousandsSeparator; 
 audio stream1;Ø§Ø³ØªØ±ÛŒÙ… ØµÙˆØª
 audio stream2;Ø§Ø³ØªØ±ÛŒÙ… ØµÙˆØª Ù‡Ø§
 audio stream3;Ø§Ø³ØªØ±ÛŒÙ… ØµÙˆØª Ù‡Ø§
 bit1;Ø¨ÛŒØª
 bit2;Ø¨ÛŒØª Ù‡Ø§
 bit3;Ø¨ÛŒØª Ù‡Ø§
 bps; bps
 Bps; Bps
 Byte1;Ø¨Ø§ÛŒØª
 Byte2;Ø¨Ø§ÛŒØª Ù‡Ø§
 Byte3;Ø¨Ø§ÛŒØª Ù‡Ø§
 channel1;Ú©Ø§Ù†Ø§Ù„
 channel2;Ú©Ø§Ù†Ø§Ù„ Ù‡Ø§
 channel3;Ú©Ø§Ù†Ø§Ù„ Ù‡Ø§
 chapter1; ÙØµÙ„
 chapter2; ÙØµÙ„ Ù‡Ø§
 chapter3; ÙØµÙ„ Ù‡Ø§
 chapters stream1;Ø§Ø³ØªØ±ÛŒÙ…  ÙØµÙ„
 chapters stream2;Ø§Ø³ØªØ±ÛŒÙ…  ÙØµÙ„  Ù‡Ø§
 chapters stream3;Ø§Ø³ØªØ±ÛŒÙ…  ÙØµÙ„  Ù‡Ø§
 character1;
 character2;
 character3;
 day1;Ø±ÙˆØ²
 day2;Ø±ÙˆØ²Ù‡Ø§
 day3;Ø±ÙˆØ²Ù‡Ø§
 dB1; dB
 dB2; dB
 dB3; dB
 file1;ÙØ§ÛŒÙ„
 file2;ÙØ§ÛŒÙ„ Ù‡Ø§
 file3;ÙØ§ÛŒÙ„ Ù‡Ø§
 fps1; fps
 fps2; fps
 fps3; fps
 frame1;ÙØ±ÛŒÙ…
 frame2;ÙØ±ÛŒÙ… Ù‡Ø§
 frame3;ÙØ±ÛŒÙ… Ù‡Ø§
 GB; GB
 Gb; Gb
 Gbps; Gbps
 GBps; GBps
 GHz; GHz
 GiB; GiB
 GibiByte1; GibiBytes
 GibiByte2; GibiBytes
 GibiByte3; GibiBytes
 GiBps; GiBps
 GigaBit1;Ú¯ÛŒÚ¯Ø§Ø¨ÛŒØª
 GigaBit2;Ú¯ÛŒÚ¯Ø§Ø¨ÛŒØª Ù‡Ø§
 GigaBit3;Ú¯ÛŒÚ¯Ø§Ø¨ÛŒØª Ù‡Ø§
 GigaByte1;Ú¯ÛŒÚ¯Ø§Ø¨Ø§ÛŒØª
 GigaByte2;Ú¯ÛŒÚ¯Ø§Ø¨Ø§ÛŒØª Ù‡Ø§
 GigaByte3;Ú¯ÛŒÚ¯Ø§Ø¨Ø§ÛŒØª Ù‡Ø§
 hour1;Ø³Ø§Ø¹Øª
 hour2;Ø³Ø§Ø¹Øª Ù‡Ø§
 hour3;Ø³Ø§Ø¹Øª Ù‡Ø§
 Hz; Hz
 image stream1;Ø§Ø³ØªØ±ÛŒÙ… ØªØµÙˆÛŒØ±
 image stream2;Ø§Ø³ØªØ±ÛŒÙ… ØªØµÙˆÛŒØ± Ù‡Ø§
 image stream3;Ø§Ø³ØªØ±ÛŒÙ… ØªØµÙˆÛŒØ± Ù‡Ø§
 KB; KB
 Kb; Kb
 KBps; KBps
 Kbps; Kbps
 KHz; KHz
 KiB; KiB
 KibiBit1; KibiBit
 KibiBit2; KibiBits
 KibiBit3; KibiBits
 KibiByte1; KibiByte
 KibiByte2; KibiBytes
 KibiByte3; KibiBytes
 KiBps; KiBps
 KiloBit1;Ú©ÛŒÙ„ÙˆØ¨ÛŒØª
 KiloBit2;Ú©ÛŒÙ„ÙˆØ¨ÛŒØª Ù‡Ø§
 KiloBit3;Ú©ÛŒÙ„ÙˆØ¨ÛŒØª Ù‡Ø§
 KiloByte1;Ú©ÛŒÙ„ÙˆØ¨Ø§ÛŒØª
 KiloByte2;Ú©ÛŒÙ„ÙˆØ¨Ø§ÛŒØª Ù‡Ø§
 KiloByte3;Ú©ÛŒÙ„ÙˆØ¨Ø§ÛŒØª Ù‡Ø§
 MB; MB
 Mb; Mb
 Mbps; Mbps
 MBps; MebiBytes
 MebiBit1; MebiBit
 MebiBit2; MebiBits
 MebiBit3; MebiBits
 MebiByte1; MebiByte
 MebiByte2; MebiBytes
 MebiByte3; MebiBytes
 MegaBit1;Ù…Ú¯Ø§Ø¨ÛŒØª
 MegaBit2;Ù…Ú¯Ø§Ø¨ÛŒØª Ù‡Ø§
 MegaBit3;Ù…Ú¯Ø§Ø¨ÛŒØª Ù‡Ø§
 MegaByte1;Ù…Ú¯Ø§Ø¨Ø§ÛŒØª
 MegaByte2;Ù…Ú¯Ø§Ø¨Ø§ÛŒØª Ù‡Ø§
 MegaByte3;Ù…Ú¯Ø§Ø¨Ø§ÛŒØª Ù‡Ø§
 MHz; MHz
 MiB; MiB
 Mib; Mib
 MiBps; MiBps
 millisecond1;Ù…ÛŒÙ„ÛŒ Ø«Ø§Ù†ÛŒÙ‡
 millisecond2;Ù…ÛŒÙ„ÛŒ Ø«Ø§Ù†ÛŒÙ‡ Ù‡Ø§
 millisecond3;Ù…ÛŒÙ„ÛŒ Ø«Ø§Ù†ÛŒÙ‡ Ù‡Ø§
 minute1;Ø¯Ù‚ÛŒÙ‚Ù‡
 minute2;Ø¯Ù‚ÛŒÙ‚Ù‡ Ù‡Ø§
 minute3;Ø¯Ù‚ÛŒÙ‚Ù‡ Ù‡Ø§
 month1;Ù…Ø§Ù‡
 month2;Ù…Ø§Ù‡ Ù‡Ø§
 month3;Ù…Ø§Ù‡ Ù‡Ø§
 pixel1;Ù¾ÛŒÚ©Ø³Ù„
 pixel2;Ù¾ÛŒÚ©Ø³Ù„ Ù‡Ø§
 pixel3;Ù¾ÛŒÚ©Ø³Ù„ Ù‡Ø§
 second1;Ø«Ø§Ù†ÛŒÙ‡
 second2;Ø«Ø§Ù†ÛŒÙ‡ Ù‡Ø§
 second3;Ø«Ø§Ù†ÛŒÙ‡ Ù‡Ø§
 text stream1;Ø§Ø³ØªØ±ÛŒÙ… Ù…ØªÙ†
 text stream2;Ø§Ø³ØªØ±ÛŒÙ… Ù…ØªÙ† Ù‡Ø§
 text stream3;Ø§Ø³ØªØ±ÛŒÙ… Ù…ØªÙ† Ù‡Ø§
 video frames1;ÙØ±ÛŒÙ… ÙˆÛŒØ¯ÛŒÙˆ
 video frames2;ÙØ±ÛŒÙ… ÙˆÛŒØ¯ÛŒÙˆ Ù‡Ø§
 video frames3;ÙØ±ÛŒÙ… ÙˆÛŒØ¯ÛŒÙˆ Ù‡Ø§
 video stream1;Ø§Ø³ØªØ±ÛŒÙ… ÙˆÛŒØ¯ÛŒÙˆ
 video stream2;Ø§Ø³ØªØ±ÛŒÙ… ÙˆÛŒØ¯ÛŒÙˆ Ø®Ø§
 video stream3;Ø§Ø³ØªØ±ÛŒÙ… ÙˆÛŒØ¯ÛŒÙˆ Ù‡Ø§
 warppoint0;No warppoints
 warppoint1; warppoint
 warppoint2; warppoints
 warppoint3; warppoints
 week1;Ù‡ÙØªÙ‡
 week2;Ù‡ÙØªÙ‡ Ù‡Ø§
 week3;Ù‡ÙØªÙ‡ Ù‡Ø§
 year1;Ø³Ø§Ù„
 year2;Ø³Ø§Ù„ Ù‡Ø§
 year3;Ø³Ø§Ù„ Ù‡Ø§
, ;, 
: ;: 
3D;
3DType;
About;Ø¯Ø±Ø¨Ø§Ø±Ù‡
About_Hint;Ø§Ø±ØªØ¨Ø§Ø· Ø¨Ø§ Ù…Ù† Ùˆ Ø¢Ø®Ø±ÛŒÙ† Ù†Ø³Ø®Ù‡
Accompaniment;Ù‡Ù…Ø±Ø§Ù‡ÛŒ
ActiveFormatDescription;
ActiveFormatDescription_MuxingMode;
Actor;Ø¨Ø§Ø²ÛŒÚ¯Ø±
Actor_Character;Ø¨Ø§Ø²ÛŒ Ú©Ø§Ø±Ø§Ú©ØªØ±
Added_Date;ØªØ§Ø±ÛŒØ® Ø§Ø¶Ø§ÙÙ‡ Ø´Ø¯Ù‡
Address;Ø¢Ø¯Ø±Ø³
Advanced;Ù¾ÛŒØ´Ø±ÙØªÙ‡
Advanced mode;Ø­Ø§Ù„Øª Ù¾ÛŒØ´Ø±ÙØªÙ‡
Album;Ø¢Ù„Ø¨ÙˆÙ…
Album_ReplayGain_Gain;Album replay gain
Album_ReplayGain_Peak;Album replay gain peak
Alignment;Ù‡Ù… ØªØ±Ø§Ø²ÛŒ
Alignment_Aligned;Ù‡Ù… ØªØ±Ø§Ø²ÛŒ Ø¨ÛŒÙ† ØµÙØ­Ø§Øª
Alignment_Split;Ø´Ú©Ø§Ù Ø¨ÛŒÙ† ØµÙØ­Ø§Øª
All;Ù‡Ù…Ù‡
Archival_Location;Ù…Ø³ÛŒØ± Ø¨Ø§ÛŒÚ¯Ø§Ù†ÛŒ
Arranger;Ù…Ø±ØªØ¨ Ú©Ù†Ù†Ø¯Ù‡
ArtDirector;Ú©Ø§Ø±Ú¯Ø±Ø¯Ø§Ù† Ù‡Ù†Ø±ÛŒ
AspectRatio;Ù†Ø³Ø¨Øª ØªØµÙˆÙŠØ±
AssistantDirector;Ø¯Ø³ØªÛŒØ§Ø± Ú©Ø§Ø±Ú¯Ø±Ø¯Ø§Ù†
at;Ø¯Ø±
At least one file;(Ø­Ø¯Ø§Ù‚Ù„ ÛŒÚ© ÙØ§ÛŒÙ„ Ø±Ø§ Ø¨Ø§Ø² Ú©Ù†ÛŒØ¯)
Audio;ØµÙˆØª
Audio stream(s);Ø§Ø³ØªØ±ÛŒÙ… ØµÙˆØª Ù‡Ø§
Audio_Codec_List;Ú©Ø¯Ú© ØµÙˆØª Ù‡Ø§
Audio_No;ØµÙˆØªÛŒ Ù…ÙˆØ¬ÙˆØ¯ Ù†ÛŒØ³Øª
Audio1;Ø§ÙˆÙ„ÛŒÙ† Ø§Ø³ØªØ±ÛŒÙ… ØµÙˆØª
Audio2;Ø¯ÙˆÙ…Ø¨Ù† Ø§Ø³ØªØ±ÛŒÙ… ØµÙˆØª
AudioComments;
AudioCount;ØªØ¹Ø¯Ø§Ø¯ Ø§Ø³ØªØ±ÛŒÙ… ØµÙˆØª
AudioDescriptionPresent;
AudioDescriptionType;
AudioLoudnessStandard;
AudioTrackLayout;
Author;Ù†ÙˆÛŒØ³Ù†Ø¯Ù‡
BarCode;Ø¨Ø§Ø±Ú©Ø¯
Basic;Ø§ÙˆÙ„ÛŒÙ‡
Basic_Note;Ø¨Ø±Ø§ÛŒ Ø§Ø·Ù„Ø§Ø¹Ø§Øª Ø¨ÛŒØ´ØªØ± Ø§ÛŒÙ†Ø¬Ø§ Ø±Ø§ Ú©Ù„ÛŒÚ© Ú©Ù†ÛŒØ¯
BitDepth;
BitDepth_Stored;
BitRate;Ù†Ø±Ø® Ø¨ÙŠØª
BitRate_Encoded;
BitRate_Maximum;Ø¨ÛŒØ´ØªØ±ÛŒÙ† Ù†Ø±Ø® Ø¨ÙŠØª
BitRate_Minimum;Ú©Ù…ØªØ±ÛŒÙ† Ù†Ø±Ø® Ø¨ÙŠØª
BitRate_Mode;Ø­Ø§Ù„Øª Ù†Ø±Ø® Ø¨ÙŠØª
BitRate_Mode_CBR;Ù¾Ø§ÙŠØ¯Ø§Ø±
BitRate_Mode_VBR;Ù…ØªØºÛŒÛŒØ±
BitRate_Nominal;Ù†Ø±Ø® Ø¨ÙŠØª ØºÛŒØ±ÙˆØ§Ù‚Ø¹ÛŒ 
Bits-(Pixel*Frame);Ø¨ÛŒØªÙ‡Ø§ /(Pixel*Frame)
BufferSize;
Cancel;Ù„ØºÙˆ
Channel(s);Ú©Ø§Ù†Ø§Ù„ Ù‡Ø§
ChannelPositions;Ù…ÙˆÙ‚Ø¹ÛŒØª Ú©Ø§Ù†Ø§Ù„ Ù‡Ø§
Chapter(s);ÙØµÙ„ Ù‡Ø§
Chapters;ÙØµÙ„ Ù‡Ø§
Chapters stream(s);Ø§Ø³ØªØ±ÛŒÙ… ÙØµÙ„ Ù‡Ø§
Chapters_Codec_List;Ú©Ø¯Ú© ÙØµÙ„ Ù‡Ø§
Chapters_No;ÙØµÙ„ÛŒ ÙˆØ¬ÙˆØ¯ Ù†Ø¯Ø§Ø±Ø¯
ChaptersCount;ØªØ¹Ø¯Ø§Ø¯ Ø§Ø³ØªØ±ÛŒÙ… ÙØµÙ„ Ù‡Ø§
CheckNewVersion;Ú©Ù†ØªØ±Ù„ Ù†Ø³Ø®Ù‡ Ø¬Ø¯ÛŒØ¯
Choose custom;Ø§Ù†ØªØ®Ø§Ø¨ Ø¯ÛŒÚ¯Ø±
Choose custom sheet;ÙˆØ±Ù‚Ù‡ Ù…ÙˆØ±Ø¯Ù†Ø¸Ø± Ø±Ø§ Ø§Ù†ØªØ®Ø§Ø¨ Ú©Ù†ÛŒØ¯
Choose custom text;Ù…ØªÙ† Ù…ÙˆØ±Ø¯Ù†Ø¸Ø± Ø±Ø§ Ø§Ù†ØªØ®Ø§Ø¨ Ú©Ù†ÛŒØ¯
Choose export format;ÙØ±Ù…Øª Ø®Ø±ÙˆØ¬ÛŒ Ø±Ø§ Ø§Ù†ØªØ®Ø§Ø¨ Ú©Ù†ÛŒØ¯
Choose file(s);ÙØ§ÛŒÙ„ Ø±Ø§ Ø¨Ø±Ø§ÛŒ Ø¨Ø§Ø² Ú©Ø±Ø¯Ù† Ø§Ù†ØªØ®Ø§Ø¨ Ú©Ù†ÛŒØ¯
Choose filename;Ù†Ø§Ù… ÙØ§ÛŒÙ„ Ù…ÙˆØ±Ø¯Ù†Ø¸Ø± Ø±Ø§ Ø§Ù†ØªØ®Ø§Ø¨ Ú©Ù†ÛŒØ¯
Choose language;Ø²Ù…Ø§Ù† Ù…ÙˆØ±Ø¯Ù†Ø¸Ø± Ø±Ø§ Ø§Ù†ØªØ®Ø§Ø¨ Ú©Ù†ÛŒØ¯
Choregrapher;Ø±Ù‚Ø§Øµ
Chroma;Ø±Ù†Ú¯ÙŠÙ†Ù‰
ChromaSubsampling;
Close;Ø¨Ø¨Ù†Ø¯
Close all before open;Ù‚Ø¨Ù„ Ø§Ø² Ø¨Ø§Ø² Ú©Ø±Ø¯Ù† Ø¨Ø¨Ù†Ø¯
ClosedCaptionsLanguage;
ClosedCaptionsPresent;
ClosedCaptionsType;
Codec;Ú©Ø¯Ú©
Codec_Description;Ø´Ø±Ø­ Ú©Ø¯Ú©
Codec_Info;Ø¬Ø²ÛŒÛŒØ§Øª Ú©Ø¯Ú©
Codec_Profile;Ù¾Ø±ÙˆÙØ§ÛŒÙ„ Ú©Ø¯Ú©
Codec_Settings;ØªÙ†Ø¸ÛŒÙ…Ø§Øª Ú©Ø¯Ú©
Codec_Settings_BVOP;ØªÙ†Ø¸ÛŒÙ…Ø§Øª Ú©Ø¯Ú©, BVOP
Codec_Settings_CABAC;ØªÙ†Ø¸ÛŒÙ…Ø§Øª Ú©Ø¯Ú©, CABAC
Codec_Settings_Endianness;ØªÙ†Ø¸ÛŒÙ…Ø§Øª Ú©Ø¯Ú©, Endianness
Codec_Settings_Firm;ØªÙ†Ø¸ÛŒÙ…Ø§Øª Ú©Ø¯Ú©, Firm
Codec_Settings_Floor;ØªÙ†Ø¸ÛŒÙ…Ø§Øª Ú©Ø¯Ú©, Floor
Codec_Settings_GMC;ØªÙ†Ø¸ÛŒÙ…Ø§Øª Ú©Ø¯Ú©, GMC
Codec_Settings_ITU;ØªÙ†Ø¸ÛŒÙ…Ø§Øª Ú©Ø¯Ú©, ITU
Codec_Settings_Law;ØªÙ†Ø¸ÛŒÙ…Ø§Øª Ú©Ø¯Ú©, Law
Codec_Settings_Matrix;ØªÙ†Ø¸ÛŒÙ…Ø§Øª Ú©Ø¯Ú©, Matrix
Codec_Settings_PacketBitStream;ØªÙ†Ø¸ÛŒÙ…Ø§Øª Ú©Ø¯Ú©  Packet bitstream
Codec_Settings_QPel;ØªÙ†Ø¸ÛŒÙ…Ø§Øª Ú©Ø¯Ú©, QPel
Codec_Settings_Sign;ØªÙ†Ø¸ÛŒÙ…Ø§Øª Ú©Ø¯Ú©, Sign
Codec_Url;Ù„ÛŒÙ†Ú© Ú©Ø¯Ú©
CodecID;Ù‡ÙˆÛŒØª Ú©Ø¯Ú©
CodecID_Description;Ø´Ø±Ø­ Ú©Ø¯Ú©
Collection;Ø¬Ù…Ø¹ Ø§ÙˆØ±Ù‰
Colorimetry;Ø³Ù†Ø¬Ø´ Ø±Ù†Ú¯
ColorSpace;
colour_primaries;
Comment;ØªÙˆØ¶ÙŠØ­
CommissionedBy;Ù…Ø¬Ø§Ø² ØªÙˆØ³Ø·
Compilation;
CompleteName;Ù†Ø§Ù… Ú©Ø§Ù…Ù„
CompletionDate;
Composer;Ø³Ø±Ø§ÙŠÙ†Ø¯Ù‡
Compression_Mode;
Compression_Mode_Lossless;
Compression_Mode_Lossy;
Compression_Ratio;Ù†Ø±Ø® ÙØ´Ø±Ø¯Ú¯ÛŒ
Conductor;Ø±Ù‡Ø¨Ø± Ø§Ú©Ø³ØªØ±Ø±
ContactEmail;
ContactTelephoneNumber;
Container and general information;Ù…Ø­ØªÙˆÛŒ Ùˆ Ø§Ø·Ù„Ø§Ø¹Ø§Øª Ú©Ù„ÛŒ
ContentType;Ù†ÙˆØ¹ Ù…Ø­ØªÙˆØ§
CoProducer;ØªÙ‡ÛŒÙ‡ Ú©Ù†Ù†Ø¯Ù‡
Copyright;Ú©Ù¾ÛŒ Ø±Ø§ÛŒØª
CopyrightYear;
CostumeDesigner;Ø·Ø±Ø§Ø­ Ù„Ø¨Ø§Ø³
Count;Ø´Ù…Ø§Ø±Ø´
Country;Ú©Ø´ÙˆØ±
Cover;Ø±ÙˆÚ©Ø´
Cover_Datas;Ø¯Ø§Ø¯Ù‡ Ø±ÙˆÚ©Ø´ Ù‡Ø§
Cover_Description;Ø´Ø±Ø­ Ø±ÙˆÚ©Ø´
Cover_Mime;Ø±ÙˆÚ©Ø´ MIME
Cover_Type;Ù†ÙˆØ¹ Ø±ÙˆÚ©Ø´
Cropped;Ø¨Ø±ÛŒØ¯Ù† Ø§Ù†Ø¯Ø§Ø²Ù‡
Custom;Ø¯ÛŒÚ¯Ø±
Customize;Ø´Ø®ØµÛŒ Ø³Ø§Ø²ÛŒ
Date;ØªØ§Ø±ÛŒØ®
Debug;Ø§Ø´Ú©Ø§Ù„ Ø²Ø¯Ø§Ø¦Ù‰
Decimal point;Ù…Ù…ÙŠØ² Ø§Ø¹Ø´Ø§Ø±Ù‰
Delay;Ù…Ú©Ø«
Delay_Source;
Delay_Source_Container;
Delay_Source_Stream;
Delete;Ø­Ø°Ù
Description;Ø´Ø±Ø­
Digitized_Date;ØªØ§Ø±ÛŒØ® Ø±Ù‚Ù…Ù‰
Dimensions;Ø§Ù†Ø¯Ø§Ø²Ù‡ Ú¯Ø±ÙØªÙ†
Director;Ú©Ø§Ø±Ú¯Ø±Ø¯Ø§Ù†
DirectorOfPhotography;Ú©Ø§Ø±Ú¯Ø±Ø¯Ø§Ù† Ø¹Ú©Ø³Ø¨Ø±Ø¯Ø§Ø±ÛŒ
DisplayAspectRatio;Ù†Ù…Ø§ÛŒØ´ Ù†Ø³Ø¨Øª ØªØµÙˆÙŠØ±
DisplayAspectRatio_Original;Ù†Ù…Ø§ÛŒØ´ Ù†Ø³Ø¨Øª ØªØµÙˆÙŠØ± Ø§ØµÙ„ÛŒ
DistributedBy;ØªÙˆØ²ÙŠØ¹ Ø´Ø¯Ù‡ ØªÙˆØ³Ø·
Distributor;
Donate;Ú©Ù…Ú© Ù…Ø§Ù„ÛŒ
DotsPerInch;Ù†Ù‚Ø·Ù‡ Ø¨Ø± Ø§ÛŒÙ†Ú†
Duration;Ù…Ø¯Øª
Duration_End;Ø²Ù…Ø§Ù† Ù¾Ø§ÛŒØ§Ù†
Duration_Start;Ø²Ù…Ø§Ù† Ø´Ø±ÙˆØ¹
Edit;ÙˆÛŒØ±Ø§ÛŒØ´
EditedBy;ÙˆÛŒØ±Ø§ÛŒØ´ Ø´Ø¯Ù‡ ØªÙˆØ³Øª
EMail;Ø§ÛŒÙ…ÛŒÙ„
Encoded_Application;Ø¨Ø±Ù†Ø§Ù…Ù‡ Ù†ÙˆØ´ØªØ§Ø±ÛŒ
Encoded_Date;ØªØ§Ø±ÛŒØ® Ø±Ù…Ø²Ù‰ Ø´Ø¯Ù‡
Encoded_Library;Ú©ØªØ§Ø¨Ø®Ø§Ù† Ù†ÙˆØ´ØªØ§Ø±ÛŒ
Encoded_Library_Settings;ØªÙ†Ø¸ÛŒÙ†Ø§Øª Ø±Ù…Ø²Ù‰ Ø´Ø¯Ù‡
Encoded_Original;Ø­Ù…Ø§ÛŒØª Ø§ØµÙ„ÛŒ
EncodedBy;Ø±Ù…Ø²Ù‰ Ø´Ø¯Ù‡ ØªÙˆØ³Ø·
EPG_Positions;EPG Ù…ÙˆÙ‚Ø¹ÛŒØª (internal)
EpisodeTitleNumber;
Error_File;Ø®Ø·Ø§ Ù‡Ù†Ú¯Ø§Ù… Ø®ÙˆØ§Ù†Ø¯Ù† ÙØ§ÛŒÙ„
ExecutiveProducer;ØªÙ‡ÛŒÙ‡ Ú©Ù†Ù†Ø¯Ù‡ Ø§Ø¬Ø±Ø§ÛŒÛŒ
Exit;Ø®Ø±ÙˆØ¬
Exit_Hint;Ø®Ø±ÙˆØ¬ Ø§Ø² Ø¨Ø±Ù†Ø§Ù…Ù‡
Export;Ø®Ø§Ø±Ø¬ Ø³Ø§Ø²ÛŒ
Export_Hint;Ø®Ø§Ø±Ø¬ Ø³Ø§Ø²ÛŒ Ø¨Ù‡ ÙØ±Ù…Øª...
Extensions;Ù¾Ø³ÙˆÙ†Ø¯ Ù…Ø¹Ù…ÙˆÙ„Ø§ Ø§Ø³ØªÙØ§Ø¯Ù‡ Ø´Ø¯Ù‡ Ø§Ø³Øª
Family;Ø®Ø§Ù†ÙˆØ§Ø¯Ú¯ÛŒ
Fax;ÙÚ©Ø³
File;ÙØ§ÛŒÙ„
File size;Ø§Ù†Ø¯Ø§Ø²Ù‡ ÙØ§ÛŒÙ„
File_Append;Ù‡Ø´Ø¯Ø§Ø± : Ø§Ø² Ù¾Ø§Ø±Ø§Ù…ØªØ±Ù‡Ø§ÛŒ ÛŒÚ©Ø³Ø§Ù† Ø§Ø³ØªÙØ§Ø¯Ù‡ Ù†Ú©Ù†ÛŒØ¯
File_Created_Date;ØªØ§Ø±ÛŒØ® Ø§ÛŒØ¬Ø§Ø¯ ÙØ§ÛŒÙ„
File_Created_Date_Local;ØªØ§Ø±ÛŒØ® Ø§ÛŒØ¬Ø§Ø¯ ÙØ§ÛŒÙ„ (local)
File_Hint;Ø§Ù†ØªØ®Ø§Ø¨ ÙØ§ÛŒÙ„ Ù…ÙˆÙ„ØªÛŒ Ù…Ø¯ÛŒØ§
File_Modified_Date;Ø¢Ø®Ø±ÛŒÙ† ØªØ§Ø±ÛŒØ® Ø§ØµÙ„Ø§Ø­ ÙØ§ÛŒÙ„
File_Modified_Date_Local;Ø¢Ø®Ø±ÛŒÙ† ØªØ§Ø±ÛŒØ® Ø§ØµÙ„Ø§Ø­ ÙØ§ÛŒÙ„ (local)
FileExtension;Ù¾Ø³ÙˆÙ†Ø¯ ÙØ§ÛŒÙ„
FileName;Ù†Ø§Ù… ÙØ§ÛŒÙ„
FileSize;Ø§Ù†Ø¯Ø§Ø²Ù‡ ÙØ§ÛŒÙ„
Folder;Ù¾ÙˆØ´Ù‡
Folder (R);Ù¾ÙˆØ´Ù‡ (R)
Folder (R)_Hint;Ø§Ù†ØªØ®Ø§Ø¨ Ù¾ÙˆØ´Ù‡ (with all folders recursively)
Folder (Recursively);Ù¾ÙˆØ´Ù‡ (Recursively)
Folder_Hint;Ø§Ù†ØªØ®Ø§Ø¨ Ù¾ÙˆØ´Ù‡
FolderName;Ù†Ø§Ù… Ù¾ÙˆØ´Ù‡
Format;ÙØ±Ù…Øª
Format_Commercial;
Format_Commercial_IfAny;
Format_Description;Ø´Ø±Ø­ ÙØ±Ù…Øª
Format_Info;Ø¬Ø²ÛŒÛŒØ§Øª ÙØ±Ù…Øª
Format_Profile;Ù¾Ø±ÙˆÙØ§ÛŒÙ„ ÙØ±Ù…Øª
Format_Settings;ØªÙ†Ø¸ÛŒÙ…Ø§Øª ÙØ±Ù…Øª
Format_Settings_BVOP;ØªÙ†Ø¸ÛŒÙ…Ø§Øª ÙØ±Ù…Øª, BVOP
Format_Settings_CABAC;ØªÙ†Ø¸ÛŒÙ…Ø§Øª ÙØ±Ù…Øª, CABAC
Format_Settings_Emphasis;
Format_Settings_Endianness;ØªÙ†Ø¸ÛŒÙ…Ø§Øª ÙØ±Ù…Øª, Endianness
Format_Settings_Firm;ØªÙ†Ø¸ÛŒÙ…Ø§Øª ÙØ±Ù…Øª, Firm
Format_Settings_Floor;ØªÙ†Ø¸ÛŒÙ…Ø§Øª ÙØ±Ù…Øª, Floor
Format_Settings_FrameMode;
Format_Settings_GMC;ØªÙ†Ø¸ÛŒÙ…Ø§Øª ÙØ±Ù…Øª, GMC
Format_Settings_GOP;
Format_Settings_ITU;ØªÙ†Ø¸ÛŒÙ…Ø§Øª ÙØ±Ù…Øª, ITU
Format_Settings_Law;ØªÙ†Ø¸ÛŒÙ…Ø§Øª ÙØ±Ù…Øª, Law
Format_Settings_Matrix;ØªÙ†Ø¸ÛŒÙ…Ø§Øª ÙØ±Ù…Øª, Matrix
Format_Settings_Matrix_Custom;Ø´Ø®ØµÛŒ
Format_Settings_Matrix_Default;Ù¾ÙŠØ´ ÙØ±Ø¶
Format_Settings_Mode;
Format_Settings_ModeExtension;
Format_Settings_PacketBitStream;ØªÙ†Ø¸ÛŒÙ…Ø§Øª ÙØ±Ù…Øª, Packet bitstream
Format_Settings_PictureStructure;
Format_Settings_PS;ØªÙ†Ø¸ÛŒÙ…Ø§Øª ÙØ±Ù…Øª, PS
Format_Settings_Pulldown;ØªÙ†Ø¸ÛŒÙ…Ø§Øª ÙØ±Ù…Øª, Pulldown
Format_Settings_QPel;ØªÙ†Ø¸ÛŒÙ…Ø§Øª ÙØ±Ù…Øª, QPel
Format_Settings_RefFrames;ØªÙ†Ø¸ÛŒÙ…Ø§Øª ÙØ±Ù…Øª, ReFrames
Format_Settings_SBR;ØªÙ†Ø¸ÛŒÙ…Ø§Øª ÙØ±Ù…Øª, SBR
Format_Settings_Sign;ØªÙ†Ø¸ÛŒÙ…Ø§Øª ÙØ±Ù…Øª, Sign
Format_Settings_Wrapping;
Format_Url;Ù„ÛŒÙ†Ú© ÙØ±Ù…Øª
Format_Version;Ù†Ø³Ø®Ù‡ ÙØ±Ù…Øª
FpaManufacturer;
FpaPass;
FpaVersion;
FrameCount;ØªØ¹Ø¯Ø§Ø¯ ÙØ±Ù…Øª
FrameRate;Ù†Ø±Ø® ÙØ±Ù…Øª
FrameRate_Maximum;Ø¨ÛŒØ´ØªØ±ÛŒÙ† Ù†Ø±Ø® ÙØ±Ù…Øª
FrameRate_Minimum;Ú©Ù…ØªØ±ÛŒÙ† Ù†Ø±Ø® ÙØ±Ù…Øª
FrameRate_Mode;Ø­Ø§Ù„Øª Ù†Ø±Ø® ÙØ±Ù…Øª
FrameRate_Mode_CFR;Ù¾Ø§ÛŒØ¯Ø§Ø±
FrameRate_Mode_VFR;Ù…ØªØºÛŒÛŒØ±
FrameRate_Nominal;Ù†Ø±Ø® ÙØ±Ù…Øª ØºÛŒØ± ÙˆØ§Ù‚Ø¹ÛŒ
FrameRate_Original;Ù†Ø±Ø® ÙØ±Ù…Øª Ø§ØµÙ„ÛŒ
General;Ú©Ù„ÛŒ
Genre;Ø¯Ø³ØªÙ‡
Genre_000;Blues
Genre_001;Classic Rock
Genre_002;Country
Genre_003;Dance
Genre_004;Disco
Genre_005;Funk
Genre_006;Grunge
Genre_007;Hip-Hop
Genre_008;Jazz
Genre_009;Metal
Genre_010;New Age
Genre_011;Oldies
Genre_012;Other
Genre_013;Pop
Genre_014;R&B
Genre_015;Rap
Genre_016;Reggae
Genre_017;Rock
Genre_018;Techno
Genre_019;Industrial
Genre_020;Alternative
Genre_021;Ska
Genre_022;Death Metal
Genre_023;Pranks
Genre_024;Soundtrack
Genre_025;Euro-Techno
Genre_026;Ambient
Genre_027;Trip-Hop
Genre_028;Vocal
Genre_029;Jazz+Funk
Genre_030;Fusion
Genre_031;Trance
Genre_032;Classical
Genre_033;Instrumental
Genre_034;Acid
Genre_035;House
Genre_036;Game
Genre_037;Sound Clip
Genre_038;Gospel
Genre_039;Noise
Genre_040;AlternRock
Genre_041;Bass
Genre_042;Soul
Genre_043;Punk
Genre_044;Space
Genre_045;Meditative
Genre_046;Instrumental Pop
Genre_047;Instrumental Rock
Genre_048;Ethnic
Genre_049;Gothic
Genre_050;Darkwave
Genre_051;Techno-Industrial
Genre_052;Electronic
Genre_053;Pop-Folk
Genre_054;Eurodance
Genre_055;Dream
Genre_056;Southern Rock
Genre_057;Comedy
Genre_058;Cult
Genre_059;Gangsta
Genre_060;Top 40
Genre_061;Christian Rap
Genre_062;Pop/Funk
Genre_063;Jungle
Genre_064;Native American
Genre_065;Cabaret
Genre_066;New Wave
Genre_067;Psychadelic
Genre_068;Rave
Genre_069;Showtunes
Genre_070;Trailer
Genre_071;Lo-Fi
Genre_072;Tribal
Genre_073;Acid Punk
Genre_074;Acid Jazz
Genre_075;Polka
Genre_076;Retro
Genre_077;Musical
Genre_078;Rock & Roll
Genre_079;Hard Rock
Genre_080;Folk
Genre_081;Folk-Rock
Genre_082;National Folk
Genre_083;Swing
Genre_084;Fast Fusion
Genre_085;Bebob
Genre_086;Latin
Genre_087;Revival
Genre_088;Celtic
Genre_089;Bluegrass
Genre_090;Avantgarde
Genre_091;Gothic Rock
Genre_092;Progressive Rock
Genre_093;Psychedelic Rock
Genre_094;Symphonic Rock
Genre_095;Slow Rock
Genre_096;Big Band
Genre_097;Chorus
Genre_098;Easy Listening
Genre_099;Acoustic
Genre_100;Humour
Genre_101;Speech
Genre_102;Chanson
Genre_103;Opera
Genre_104;Chamber Music
Genre_105;Sonata
Genre_106;Symphony
Genre_107;Booty Bass
Genre_108;Primus
Genre_109;Porn Groove
Genre_110;Satire
Genre_111;Slow Jam
Genre_112;Club
Genre_113;Tango
Genre_114;Samba
Genre_115;Folklore
Genre_116;Ballad
Genre_117;Power Ballad
Genre_118;Rhythmic Soul
Genre_119;Freestyle
Genre_120;Duet
Genre_121;Punk Rock
Genre_122;Drum Solo
Genre_123;A capella
Genre_124;Euro-House
Genre_125;Dance Hall
Genre_126;Goa
Genre_127;Drum & Bass
Genre_128;Club-House
Genre_129;Hardcore
Genre_130;Terror
Genre_131;Indie
Genre_132;Britpop
Genre_133;Negerpunk
Genre_134;Polsk Punk
Genre_135;Beat
Genre_136;Christian Gangsta Rap
Genre_137;Heavy Metal
Genre_138;Black Metal
Genre_139;Crossover
Genre_140;Contemporary Christian
Genre_141;Christian Rock
Genre_142;Merengue
Genre_143;Salsa
Genre_144;Trash Metal
Genre_145;Anime
Genre_146;JPop
Genre_147;Synthpop
Genre_148;
Genre_149;
Genre_150;
Genre_151;
Genre_152;
Genre_153;
Genre_154;
Genre_155;
Genre_156;
Genre_157;
Genre_158;
Genre_159;
Genre_160;
Genre_161;
Genre_162;
Genre_163;
Genre_164;
Genre_165;
Genre_166;
Genre_167;
Genre_168;
Genre_169;
Genre_170;
Genre_171;
Genre_172;
Genre_173;
Genre_174;
Genre_175;
Genre_176;
Genre_177;
Genre_178;
Genre_179;
Genre_180;
Genre_181;
Genre_182;
Genre_183;
Genre_184;
Genre_185;
Genre_186;
Genre_187;
Genre_188;
Genre_189;
Genre_190;
Genre_191;
Go to WebSite;ÙˆØ¨ Ø³Ø§ÛŒØª
Grouping;
h;h
Header file;Ø§ÛŒØ¬Ø§Ø¯ ÙØ§ÛŒÙ„ Ø³Ø± ØµÙØ­Ù‡
Height;Ø¨Ù„Ù†Ø¯ÛŒ
Height_Original;
Help;Ø±Ø§Ù‡Ù†Ù…Ø§ÛŒÛŒ
Hint;Ø§Ø´Ø§Ø±Ø§Øª
How many audio streams?;ØªØ¹Ø¯Ø§Ø¯ Ø§Ø³ØªØ±ÛŒÙ… ØµÙˆØª?
How many chapters streams?;ØªØ¹Ø¯Ø§Ø¯ Ø§Ø³ØªØ±ÛŒÙ… ÙØµÙ„?
How many text streams?;ØªØ¹Ø¯Ø§Ø¯ Ø§Ø³ØªØ±ÛŒÙ… Ù…ØªÙ†?
How many video streams?;ØªØ¹Ø¯Ø§Ø¯ Ø§Ø³ØªØ±ÛŒÙ… ÙˆÛŒØ¯ÛŒÙˆ?
HTML;HTML
ID;ID
IdentClockStart;
Image;ØªØµÙˆÛŒØ±
Image stream(s);Ø§Ø³ØªØ±ÛŒÙ… ØªØµÙˆÛŒØ±
Image_Codec_List;Ú©Ø¯Ú© ØªØµÙˆÛŒØ±
ImageCount;ØªØ¹Ø¯Ø§Ø¯ Ø§Ø³ØªØ±ÛŒÙ… ØªØµÙˆÛŒØ±
Info;Ø§Ø·Ù„Ø§Ø¹Ø§Øª
Instruments;Ø³Ø§Ø²
Interlaced_BFF;ÙÛŒÙ„Ø¯ Ù¾Ø§ÛŒÛŒÙ† Ø¯Ø± Ø§ÙˆÙ„
Interlaced_Interlaced;Ø¯Ø±Ù‡Ù… Ø¨Ø§ÙØªÙ‡
Interlaced_PPF;ØªØµØ§Ø¹Ø¯Ù‰
Interlaced_Progressive;ØªØµØ§Ø¹Ø¯Ù‰
Interlaced_TFF;ÙÛŒÙ„Ø¯ Ø¨Ø§Ù„Ø§ Ø¯Ø± Ø§ÙˆÙ„
Interlacement;Ø¨Ù‡Ù… Ù¾ÙŠÚ†ÙŠØ¯Ú¯Ù‰
Interleave_Duration;Ø¬Ø§Ú¯Ø°Ø§Ø±Ù‰, Ù…Ø¯Øª
Interleave_Preload;Ø¬Ø§Ú¯Ø°Ø§Ø±Ù‰, Ù…Ø¯Øª Ø¨Ø§Ø±Ú¯Ø°Ø§Ø±ÛŒ
Interleave_VideoFrames;Ø¬Ø§Ú¯Ø°Ø§Ø±Ù‰, Ù…Ø¯Øª
Interleaved;
InternetMediaType;
IRCA;IRCA
ISBN;ISBN
ISRC;ISRC
Keywords;Ú©Ù„Ù…Ù‡ Ú©Ù„ÛŒØ¯ÛŒ
Known codecs;Ú©Ø¯Ú© Ù…Ø´Ø®Øµ
Known formats;ÙØ±Ù…Øª Ù…Ø´Ø®Øµ
Known parameters;Ù¾Ø§Ø±Ø§Ù…ØªØ± Ù…Ø´Ø®Øµ
Label;Ø¨Ø±Ú†Ø³Ø¨
Language;Ø²Ø¨Ø§Ù†
Language_aa;Ø¨Ø¹Ø¯
Language_ab;Abkhazian
Language_ae;Avestan
Language_af;Afrikaans
Language_ak;Akan
Language_am;Amharic
Language_an;Aragonese
Language_ar;Arabic
Language_as;Assamese
Language_av;Avaric
Language_ay;Aymara
Language_az;Azerbaijani
Language_ba;Bashkir
Language_be;Belarusian
Language_bg;Bulgarian
Language_bh;Bihari
Language_bi;Bislama
Language_bm;Bambara
Language_bn;Bengali
Language_bo;Tibetan
Language_br;Breton
Language_bs;Bosnian
Language_ca;Catalan
Language_ce;Chechen
Language_ch;Chamorro
Language_co;Corsican
Language_cr;Cree
Language_cs;Czech
Language_cu;Slave
Language_cv;Chuvash
Language_cy;Welsh
Language_da;Danish
Language_de;German
Language_dv;Divehi
Language_dz;Dzongkha
Language_ee;Ewe
Language_el;Greek
Language_en;English
Language_en-gb;English (Great Britain)
Language_en-us;English (United States)
Language_eo;Esperanto
Language_es;Spanish
Language_et;Estonian
Language_eu;Basque
Language_fa;Persian
Language_ff;Fulah
Language_fi;Finnish
Language_fj;Fijian
Language_fo;Faroese
Language_fr;French
Language_fy;Frisian
Language_ga;Irish
Language_gd;Gaelic
Language_gl;Galician
Language_gn;Guarani
Language_gu;Gujarati
Language_gv;Manx
Language_ha;Hausa
Language_he;Hebrew
Language_hi;Hindi
Language_ho;Hiri Motu
Language_hr;Croatian
Language_ht;Haitian
Language_hu;Hungarian
Language_hy;Armenian
Language_hz;Herero
Language_ia;Auxiliary Language Association
Language_id;Indonesian
Language_ie;Interlingue
Language_ig;Igbo
Language_ii;Sichuan Yi
Language_ik;Inupiaq
Language_Info;Language info
Language_io;Ido
Language_is;Icelandic
Language_it;Italian
Language_iu;Inuktitut
Language_ja;Japanese
Language_jv;Javanese
Language_ka;Georgian
Language_kg;Kongo
Language_ki;Kikuyu
Language_kj;Kuanyama
Language_kk;Kazakh
Language_kl;Kalaallisut
Language_km;Khmer
Language_kn;Kannada
Language_ko;Korean
Language_kr;Kanuri
Language_ks;Kashmiri
Language_ku;Kurdish
Language_kv;Komi
Language_kw;Cornish
Language_ky;Kirghiz
Language_la;Latin
Language_lb;Luxembourgish
Language_lg;Ganda
Language_li;Limburgish
Language_ln;Lingala
Language_lo;Lao
Language_lt;Lithuanian
Language_lu;Luba-Katanga
Language_lv;Latvian
Language_mg;Malagasy
Language_mh;Marshallese
Language_mi;Maori
Language_mk;Macedonian
Language_ml;Malayalam
Language_mn;Mongolian
Language_mo;Moldavian
Language_More;Ø²Ø¨Ø§Ù†, Ø§Ø·Ù„Ø§Ø¹Ø§Øª Ø¨ÛŒØ´ØªØ±
Language_mr;Marathi
Language_ms;Malay
Language_mt;Maltese
Language_mul;Multiple languages
Language_my;Burmese
Language_na;Nauru
Language_nb;Norwegian Bokmal
Language_nd;Ndebele
Language_ne;Nepali
Language_ng;Ndonga
Language_nl;Dutch
Language_nn;Norwegian Nynorsk
Language_no;Norwegian
Language_nr;Ndebele
Language_nv;Navaho
Language_ny;Nyanja
Language_oc;Occitan
Language_oj;Ojibwa
Language_om;Oromo
Language_or;Oriya
Language_os;Ossetic
Language_pa;Panjabi
Language_pi;Pali
Language_pl;Polish
Language_ps;Pushto
Language_pt;Portuguese
Language_pt-br;Portuguese (Brazil)
Language_qu;Quechua
Language_rm;Raeto-Romance
Language_rn;Rundi
Language_ro;Romanian
Language_ru;Russian
Language_rw;Kinyarwanda
Language_sa;Sanskrit
Language_sc;Sardinian
Language_sd;Sindhi
Language_se;Northern Sami
Language_sg;Sango
Language_si;Sinhala
Language_sk;Slovak
Language_sl;Slovenian
Language_sm;Samoan
Language_sn;Shona
Language_so;Somali
Language_sq;Albanian
Language_sr;Serbian
Language_ss;Swati
Language_st;Sotho
Language_su;Sundanese
Language_sv;Swedish
Language_sw;Swahili
Language_ta;Tamil
Language_te;Telugu
Language_tg;Tajik
Language_th;Thai
Language_ti;Tigrinya
Language_tk;Turkmen
Language_tl;Tagalog
Language_tn;Tswana
Language_to;Tonga
Language_tr;Turkish
Language_ts;Tsonga
Language_tt;Tatar
Language_tw;Twi
Language_ty;Tahitian
Language_ug;Uighur
Language_uk;Ukrainian
Language_ur;Urdu
Language_uz;Uzbek
Language_ve;Venda
Language_vi;Vietnamese
Language_vo;Volapuk
Language_wa;Walloon
Language_wo;Wolof
Language_xh;Xhosa
Language_yi;Yiddish
Language_yo;Yoruba
Language_za;Zhuang
Language_zh;Chinese
Language_zh-cn;Chinese (China)
Language_zh-tw;Chinese (Taiwan)
Language_zu;Zulu
LawRating;Law rating
LCCN;LCCN
Library;Ú©ØªØ§Ø¨Ø®Ø§Ù†Ù‡ ØªØ³Ù‡ÙŠÙ… Ú©Ù†Ù†Ø¯Ù‡
Lightness;Ø±ÙˆØ´Ù†Ø§ÙŠÙ‰
LineUpStart;
List;Ù„ÛŒØ³Øª
Lyricist;Ù„Ø§ÛŒØ±Ø³Ú©Ø³ÛŒØ³Øª
Lyrics;Ù…ØªÙ† Ø¢Ù‡Ù†Ú¯
Mastered_Date;ØªØ§Ø±ÛŒØ® Ù…Ø³ØªØ±
MasteredBy;Ù…Ø³ØªØ± Ø´Ø¯Ù‡ ØªÙˆØ³Ø·
Matrix_Channel(s);
Matrix_ChannelPositions;
matrix_coefficients;
Matrix_Format;
MediaInfo_About;Ø§Ø·Ù„Ø§Ø¹Ø§Øª Ø¬Ø²ÛŒÛŒ\r\nØ¯Ø±Ø¨Ø§Ø±Ù‡ ÙØ§ÛŒÙ„ Ù…ÙˆÙ„ØªÛŒ Ù…Ø¯ÛŒØ§:\r\nMatroska, OGG (including OGM)\r\nMPEG1 (including VCD)\r\nMPEG2 (including DVD and SVCD)\r\nMPEG4 (including Itunes M4A)\r\nQuicktime\r\nRealMedia\r\nWindowsMedia (including WMV, WMA)\r\nMicrosoft RIFF (including AVI, WAV)\r\nSound-only formats (AC3, DTS, AAC, AU, AIFF...)
Menu;Ù…Ù†Ùˆ
Menu stream(s);Ø§Ø³ØªØ±ÛŒÙ… Ù…Ù†Ùˆ
Menu_Codec_List;Ú©Ø¯Ú© Ù…Ù†Ùˆ
Menu_Hint;Ø§Ø­ØªÙ…Ø§Ù„Ø§Øª Ø¨ÛŒØ´ØªØ±
Menu_No;Ù…Ù†ÙˆÛŒÛŒ ÙˆØ¬ÙˆØ¯ Ù†Ø¯Ø§Ø±Ø¯
MenuCount;ØªØ¹Ø¯Ø§Ø¯ Ø§Ø³ØªØ±ÛŒÙ… Ù…Ù†Ùˆ
MenuID;Ù‡ÙˆÛŒØª Ù…Ù†Ùˆ
mn;mn
Mood;Ø­Ø§Ù„Øª
More;Ø¨ÛŒØ´ØªØ±
Movie;Ù†Ø§Ù… ÙÛŒÙ„Ù…
ms;ms
MSDI;MSDI
MusicBy;Ù…ÙˆØ³ÛŒÙ‚ÛŒ ØªÙˆØ³Ø·
MuxingMode;Ø­Ø§Ù„Øª ØªØ³Ù‡ÙŠÙ… Ú©Ù†Ù†Ø¯Ù‡
MuxingMode_MoreInfo;Ø­Ø§Ù„Øª ØªØ³Ù‡ÙŠÙ… Ú©Ù†Ù†Ø¯Ù‡, Ø§Ø·Ù„Ø§Ø¹Ø§Øª Ø¨ÛŒØ´ØªØ±
MuxingMode_PackedBitstream;Packed bitstream
Name;Ù†Ø§Ù…
Nationality;Ù…Ù„ÙŠØª
NetworkName;Ù†Ø§Ù… Ø´Ø¨Ú©Ù‡
New;Ø¬Ø¯ÛŒØ¯
Newest version;Ú©Ù†ØªØ±Ù„ Ø¨Ø±Ø§ÛŒ Ù†Ø³Ø®Ù‡ Ø¬Ø¯ÛŒØ¯ Ù†ÛŒØ§Ø² Ø¨Ù‡ Ø§ÛŒÙ†ØªØ±Ù†Øª
NewVersion_Menu;Ù†Ø³Ø®Ù‡ Ø¬Ø¯ÛŒØ¯ Ù…ÙˆØ¬ÙˆØ¯ Ø§Ø³Øª
NewVersion_Question_Content;Ù†Ø³Ø®Ù‡ Ø¬Ø¯ÛŒØ¯ (v%Version%) Ù…ÙˆØ¬ÙˆØ¯ Ø§Ø³Øª, Ù…ÛŒ Ø®ÙˆØ§Ù‡ÛŒØ¯ Ø¢Ù† Ø±Ø§ Ø¯Ø§Ù†Ù„ÙˆØ¯ Ú©Ù†ÛŒØ¯?
NewVersion_Question_Title;Ù†Ø³Ø®Ù‡ Ø¬Ø¯ÛŒØ¯ Ø§Ù†ØªØ´Ø§Ø± ÛŒØ§ÙØª
No;Ø®ÛŒØ±
Not yet;Ù‡Ù†ÙˆØ² Ø®ÛŒØ±
NumColors;ØªØ¹Ø¯Ø§Ø¯ Ø±Ù†Ú¯ Ù‡Ø§
OK;Ù…ÙˆØ§ÙÙ‚
One output file per input file;ÛŒÚ© ÙØ§ÛŒÙ„ Ø®Ø±ÙˆØ¬ÛŒ Ø¨Ø± ÙØ§Ø¨Ù„ ÙˆØ±ÙˆØ¯ÛŒ
Open;Ø¨Ø§Ø² Ú©Ù†
OpenCandy_01;Ø¯Ø± Ø­Ø§Ù„ Ø¯Ø§Ù†Ù„ÙˆØ¯ ________
OpenCandy_02;__% ØªÚ©Ù…ÛŒÙ„ Ø´Ø¯Ù‡
OpenCandy_03;Ù‚Ø·Ø¹ Ø§Ø±ØªØ¨Ø§Ø· Ø§ÛŒÙ†ØªØ±Ù†ØªÛŒ
OpenCandy_04;________ Ø¯Ø§Ù†Ù„ÙˆØ¯ Ú©Ø§Ù…Ù„ Ø´Ø¯
OpenCandy_05;Ú©Ù„ÛŒÚ© Ø¨Ø±Ø§ÛŒ Ù†ØµØ¨ ________
OpenCandy_06;Ù„ØºÙˆ Ù†ØµØ¨?\r\nØªØ§Ø®ÛŒØ± ØªØ§ Ø±ÛŒØ¨ÙˆØª Ø¨Ø¹Ø¯ÛŒ
OpenCandy_07;Ø¯Ø§Ù†Ù„ÙˆØ¯ ________ Ù…ØªÙˆÙ‚Ù Ø´Ø¯.\r\nÚ©Ù„ÛŒÚ© Ú©Ù†ÛŒØ¯ Ø¨Ø±Ø§ÛŒ Ø§Ø¯Ø§Ù…Ù‡
OpenCandy_08;Ø®Ø·Ø§ Ø¯Ø± Ù†ØµØ¨ _________ Ø¨Ø§ÛŒØ¯ Ø®Ø§Ø±Ø¬ Ø´ÙˆØ¯.
OpenCandy_09;ØªÙˆÙ‚Ù Ø¯Ø§Ù†Ù„ÙˆØ¯
OpenCandy_10;Ù„ØºÙˆ Ù†ØµØ¨
OpenCandy_11;Ø§Ø¯Ø§Ù…Ù‡ Ø¯Ø§Ù†Ù„ÙˆØ¯
OpenCandy_12;Ø®Ø±ÙˆØ¬ Ø§Ø² Ù†ØµØ¨
OpenCandy_13;___________ - ØªÙˆØµÛŒÙ‡ Ø´Ø¯Ù‡ ØªÙˆØ³Ø· ____________
OpenCandy_14;Ø¯Ø± Ø­Ø§Ù„ Ø¯Ø§Ù†Ù„ÙˆØ¯ _________
OpenCandy_15;___________, ØªÙˆØµÛŒÙ‡ Ø´Ø¯Ù‡ ØªÙˆØ³Ø· ___________, Ø¯Ø± Ø­Ø§Ù„ Ø¯Ø§Ù†Ù„ÙˆØ¯ Ø§Ø³Øª
OpenCandy_16;___________ Ø¨Ø±Ø§ÛŒ Ù†ØµØ¨ Ø¢Ù…Ø§Ø¯Ù‡ Ø§Ø³Øª
OpenCandy_17;___________ Ø¯Ø§Ù†Ù„ÙˆØ¯ Ú©Ø§Ù…Ù„ Ø´Ø¯ Ø¨Ø±Ø§ÛŒ Ù†ØµØ¨ Ú©Ø±Ø¯Ù† Ú©Ù„ÛŒÚ© Ú©Ù†ÛŒØ¯
OpenCandy_18;___________ Ø§Ø² ___________ Ø¯Ø§Ù†Ù„ÙˆØ¯ Ø´Ø¯Ù‡
OpenCandy_19;OpenCandy ØªÙˆØ³Ø·
OpenCandy_20;OpenCandy.com Ø§Ø·Ù„Ø§Ø¹Ø§Øª Ø¨ÛŒØ´ØªØ± Ø¯Ø±
OpenCandy_21;Ù†ØµØ¨
OpenCandy_22;Ù†ØµØ¨ ___________
OpenCandy_23;Ù…ÙˆØ¬Ø¨ Ù„ØºÙˆ Ù†ØµØ¨ Ù…ÛŒ Ø´ÙˆØ¯ ___________\r\nØ®Ø§Ø±Ø¬ Ù…ÛŒ Ø´ÙˆÛŒØ¯?
OpenCandy_24;ØªÙˆÙ‚Ù
OpenCandy_25;Ø¯Ø§Ù†Ù„ÙˆØ¯ Ù…ØªÙˆÙ‚Ù Ø´Ø¯. Ù‡Ø± ÙˆÙ‚Øª Ø¢Ù…Ø§Ø¯Ù‡ Ø§ÛŒØ¯ Ø¨Ø± Ø±ÙˆÛŒ Ø§Ø¯Ø§Ù…Ù‡ Ú©Ù„ÛŒÚ© Ú©Ù†ÛŒØ¯.
OpenCandy_26;Ø§Ø¯Ø§Ù…Ù‡
OpenCandy_27;Ø§Ú©Ù†ÙˆÙ† Ù†ØµØ¨ Ú©Ù†
OpenCandy_28;ØªÙˆÙ‚Ù Ø¯Ø§Ù†Ù„ÙˆØ¯
OpenCandy_29;Ø§Ø¯Ø§Ù…Ù‡ Ø¯Ø§Ù†Ù„ÙˆØ¯
OpenCandy_30;Ù„ØºÙˆ Ù†ØµØ¨
OpenCandy_31;Ø§Ù†ØªØ®Ø§Ø¨ ØªÙ†Ø¸ÛŒÙ…Ø§Øª Ù†ØµØ¨
OpenCandy_32;Ù†ØµØ¨ ___________
OpenCandy_33;Ù†ØµØ¨ Ù†Ú©Ù†
OpenCandy_34;Ø§Ù†ØªØ®Ø§Ø¨ ØªÙ†Ø¸ÛŒÙ…Ø§Øª Ù†ØµØ¨
OpenCandy_35;______ Ø§ÛŒÙ† Ù†Ø±Ù… Ø§ÙØ²Ø§Ø± Ù¾ÛŒØ´Ù†Ù‡Ø§Ø¯ Ù…ÛŒØ´ÙˆØ¯
OpenCandy_36;Ù†ØµØ¨ ÙØ¹Ù„ÛŒ Ù…ØªÙˆÙ‚Ù Ù†Ù…ÛŒ Ø´ÙˆØ¯
OpenCaptionsLanguage;
OpenCaptionsPresent;
OpenCaptionsType;
Options;ØªÙ†Ø¸ÛŒÙ…Ø§Øª
Options_Hint;ØªÙ†Ø¸ÛŒÙ…Ø§Øª
Original;Ø§ØµÙ„ÛŒ
OriginalNetworkName;Ù†Ø§Ù… Ø§ØµÙ„ÛŒ Ø´Ø¨Ú©Ù‡
OriginalSourceForm;ÙØ±Ù… Ù…Ù†Ø¨Ø¹ Ø§ØµÙ„ÛŒ
OriginalSourceMedium;ÙØ±Ù… Ù…ÛŒØ§Ù†ÛŒ Ø§ØµÙ„ÛŒ
Originator;
Other;Ø¯ÛŒÚ¯Ø±
OtherIdentifier;
OtherIdentifierType;
Output;Ø®Ø±ÙˆØ¬ÛŒ
Output format;ÙØ±Ù…Øª Ø®Ø±ÙˆØ¬ÛŒ
OverallBitRate;Ù†Ø±Ø® Ø¨ÛŒØª Ú©Ù„
OverallBitRate_Maximum;Ø¨ÛŒØ´ØªØ±ÛŒÙ† Ù†Ø±Ø® Ø¨ÛŒØª Ú©Ù„
OverallBitRate_Minimum;Ú©Ù…ØªØ±ÛŒÙ† Ù†Ø±Ø® Ø¨ÛŒØª Ú©Ù„
OverallBitRate_Mode;Ø­Ø§Ù„Øª Ù†Ø±Ø® Ø¨ÛŒØª Ú©Ù„
OverallBitRate_Nominal;Ù†Ø±Ø® Ø¨ÛŒØª Ú©Ù„ ØºÛŒØ±ÙˆØ§Ù‚Ø¹ÛŒ
Part;Ù‚Ø³Ù…Øª
Part_Count;Ú©Ù„ ØªØ¹Ø¯Ø§Ø¯
PartNumber;
PartTotal;
Performer;Ù…Ø¬Ø±Ù‰
Period;Ø¯ÙˆØ±Ù‡
Phone;ØªÙ„ÙÙ†
PictureRatio;
PixelAspectRatio;Ù¾ÛŒÚ©Ø³Ù„ Ù†Ø³Ø¨Øª ØªØµÙˆÙŠØ±
PixelAspectRatio_Original;Ù¾ÛŒÚ©Ø³Ù„ Ù†Ø³Ø¨Øª ØªØµÙˆÙŠØ± Ø§ØµÙ„ÛŒ
PlayCounter;Ø´Ù…Ø§Ø±Ø´ Ù¾Ø®Ø´
Played_Count;ØªØ¹Ø¯Ø§Ø¯ Ù¾Ø®Ø´ Ø´Ø¯Ù‡
Played_First_Date;Ø§ÙˆÙ„ÛŒÙ† Ù¾Ø®Ø´
Played_Last_Date;Ø¢Ø®Ø±ÛŒÙ† Ù¾Ø®Ø´
PlayTime;Ø²Ù…Ø§Ù† Ù¾Ø®Ø´
Position;Ù…ÙˆÙ‚Ø¹ÛŒØª
Position_Total;Ú©Ù„
Preferences;ØªÙ†Ø¸ÛŒÙ…Ø§Øª
PrimaryAudioLanguage;
Producer;ØªÙ‡ÛŒÙ‡ Ú©Ù†Ù†Ø¯Ù‡
ProductionDesigner;Ø·Ø±Ø§Ø­ Ù…Ø­ØµÙˆÙ„
ProductionNumber;
ProductionStudio;Ø§Ø³ØªÙˆØ¯ÛŒÙˆ Ù…Ø­ØµÙˆÙ„
ProductPlacement;
ProgrammeHasText;
ProgrammeTextLanguage;
ProgrammeTitle;
Publisher;Ù†Ø§Ø´Ø±
Purchased_Date;ØªØ§Ø±ÛŒØ® Ø®Ø±ÛŒØ¯
Quote character;Ú©Ø§Ø±Ø§Ú©ØªØ± Ø§Ø¹Ù„Ø§Ù…
RadioStation;Ø§ÛŒØ³ØªÚ¯Ø§Ù‡ Ø±Ø§Ø¯ÛŒÙˆ
Rating;Ø±ØªØ¨Ù‡
Recorded_Date;ØªØ§Ø±ÛŒØ® Ø¶Ø¨Ø·
Recorded_Location;Ù…Ú©Ø§Ù† Ø¶Ø¨Ø·
Released_Date;ØªØ§Ø±ÛŒØ® Ø§Ù†ØªØ´Ø§Ø±
RemixedBy;Ø±ÛŒÙ…ÛŒÚ©Ø³ ØªÙˆØ³Ø·
ReplayGain_Gain;Replay gain
ReplayGain_Peak;Replay gain peak
Resolution;ÙˆØ¶ÙˆØ­
s;s
SamplingCount;
SamplingRate;Ù†Ø±Ø® Ù†Ù…ÙˆÙ†Ù‡
Save;Ø°Ø®ÛŒØ±Ù‡
ScanOrder;Ø¯Ø³ØªÙˆØ± Ø§Ø³Ú©Ù†
ScanOrder_Original;
ScanOrder_Stored;
ScanOrder_StoredDisplayedInverted;
ScanOrder_StoreMethod;
ScanType;Ù†ÙˆØ¹ Ø§Ø³Ú©Ù†
ScanType_Original;
ScanType_StoreMethod;
ScreenplayBy;Ù†Ù…Ø§ÙŠØ´Ù†Ø§Ù…Ù‡ ØªÙˆØ³Ø·
Season;ÙØµÙ„
SecondaryAudioLanguage;
see below;Ù¾Ø§ÛŒÛŒÙ† Ø±Ø§ Ø¨Ø¨ÛŒÙ†ÛŒØ¯
Send HeaderFile;ÙØ§ÛŒÙ„ Ø³Ø±ØµÙØ­Ù‡ Ø±Ø§ Ø§ÛŒÙ†Ø¬Ø§ Ø¨ÙØ±Ø³ØªÛŒØ¯ : http://sourceforge.net/projects/mediainfo/ (Ù‚Ø³Ù…Øª Ø¨Ø§Ú¯)
Separator_Columns;Ø¬Ø¯Ø§ Ú©Ù†Ù†Ø¯Ù‡ Ø³ØªÙˆÙ†
Separator_Lines;Ø¬Ø¯Ø§ Ú©Ù†Ù†Ø¯Ù‡ Ø®Ø·ÙˆØ·
SerieTitle;
ServiceChannel;Ø´Ù…Ø§Ø±Ù‡ Ú©Ø§Ù†Ø§Ù„ Ø³Ø±ÙˆÛŒØ³
ServiceName;Ù†Ø§Ù… Ø³Ø±ÙˆÛŒØ³
ServiceProvider;Ù…Ù‡ÙŠØ§ Ú©Ù†Ù†Ø¯Ù‡ Ø³Ø±ÙˆÛŒØ³
ServiceType;Ù†ÙˆØ¹ Ø³Ø±ÙˆÛŒØ³
Set;Ø¢Ù…Ø§Ø¯Ù‡ Ú©Ø±Ø¯Ù†
Set_Count;Ø¢Ù…Ø§Ø¯Ù‡ Ú©Ø±Ø¯Ù† ØªØ¹Ø¯Ø§Ø¯
Setup;Ù†ØµØ¨
Sharpness;ØªÛŒØ²ÛŒ
Sheet;ÙˆØ±Ù‚Ù‡
Sheet (Complete);ÙˆØ±Ù‚Ù‡ Ú©Ø§Ù…Ù„
Shell extension;Shell extension (in Explorer, right click there will be a MediaInfo option)
Shell extension, folder;Ø¨Ø±Ø§ÛŒ Ù¾ÙˆØ´Ù‡ Ù‡Ø§ Ù‡Ù… Ù‡Ù…ÛŒÙ†Ø·ÙˆØ±
Shell InfoTip;Shell InfoTip (in Explorer, move the mouse over the file, info will be displayed)
ShimName;
Show menu;Ù†Ù…Ø§ÛŒØ´ Ù…Ù†Ùˆ
Show toolbar;Ù†Ù…Ø§ÛŒØ´ Ù†ÙˆØ§Ø±Ø§Ø¨Ø²Ø§Ø±
SigningPresent;
SignLanguage;
Sort;Ø·Ø¨Ù‚Ù‡ Ø¨Ù†Ø¯Ù‰ ØªÙˆØ³Ø·
SoundEngineer;Ù…Ù‡Ù†Ø¯Ø³ ØµØ¯Ø§
Source;
Source_Duration;
Source_FrameCount;
Source_SamplingCount;
Source_StreamSize;
Source_StreamSize_Encoded;
Standard;Ø§Ø³ØªØ§Ù†Ø¯Ø§Ø±Ø¯
StoreMethod_InterleavedFields;
StoreMethod_SeparatedFields;
StoreMethod_SeparatedFields_1;
StoreMethod_SeparatedFields_2;
Stream;Ø§Ø³ØªØ±ÛŒÙ…
Stream_MoreInfo;Ø§Ø·Ù„Ø§Ø¹Ø§Øª Ø¨ÛŒØ´ØªØ± Ø¯Ø±Ù…ÙˆØ±Ø¯ Ø§Ø³ØªØ±ÛŒÙ…
StreamCount;ØªØ¹Ø¯Ø§Ø¯ Ø§ÛŒÙ† Ù†ÙˆØ¹ Ø§Ø³ØªØ±ÛŒÙ…
StreamID;Ù‡ÙˆÛŒØª Ø§Ø³ØªØ±ÛŒÙ…
StreamKind;Ù†ÙˆØ¹ Ø§Ø³ØªØ±ÛŒÙ…
StreamKindID;Ù…Ø¹Ø±Ù Ø§Ø³ØªØ±ÛŒÙ…
StreamKindPos;Ù…Ø¹Ø±Ù Ø§Ø³ØªØ±ÛŒÙ…
StreamSize;Ø§Ù†Ø¯Ø§Ø²Ù‡ Ø§Ø³ØªØ±ÛŒÙ…
StreamSize_Encoded;
StreamSize_Proportion;Ù†Ø³Ø¨Øª Ø§ÛŒÙ† Ø§Ø³ØªØ±ÛŒÙ…
Subject;Ù…ÙˆØ¶ÙˆØ¹
SubTrack;Ø³Ø§Ø¨ ØªØ±Ú©
Summary;Ø®Ù„Ø§ØµÙ‡
Supported formats;ÙØ±Ù…Øª Ù‡Ø§ÛŒ Ù¾Ø´ØªÙŠØ¨Ø§Ù†Ù‰ Ø´Ø¯Ù‡
Supported?;Ù¾Ø´ØªÙŠØ¨Ø§Ù†Ù‰ Ø´Ø¯Ù‡?
Synopsis;Ø®Ù„Ø§ØµÙ‡
SystemId;Id
Tagged_Application;Ø¨Ø±Ù†Ø§Ù…Ù‡ Ø¶Ù…ÙŠÙ…Ù‡
Tagged_Date;ØªØ§Ø±ÛŒØ® Ø¶Ù…ÙŠÙ…Ù‡
Technician;ØªÚ©Ù†ÙŠØ³ÙŠÙ†
TermsOfUse;Ø´Ø±Ø§ÛŒØ· Ø§Ø³ØªÙØ§Ø¯Ù‡
TertiaryAudioLanguage;
Text;Ø§Ø³ØªØ±ÛŒÙ… Ù…ØªÙ†
Text - Custom;Ù…ØªÙ† - Custom
Text (HTML);Ù…ØªÙ† (HTML)
Text stream(s);Ø§Ø³ØªØ±ÛŒÙ… Ù…ØªÙ†
Text streams;Ø§Ø³ØªØ±ÛŒÙ… Ù…ØªÙ†
Text_Codec_List;Ú©Ø¯Ú© Ù…ØªÙ†
Text_No;Ù…ØªÙ†ÛŒ ÙˆØ¬ÙˆØ¯ Ù†Ø¯Ø§Ø±Ø¯
Text1;Ø§ÙˆÙ„ÛŒÙ† Ø§Ø³ØªØ±ÛŒÙ… Ù…ØªÙ†
Text2;Ø¯ÙˆÙ…ÛŒÙ† Ø§Ø³ØªØ±ÛŒÙ… Ù…ØªÙ†
Text3;Ø³ÙˆÙ…ÛŒÙ† Ø§Ø³ØªØ±ÛŒÙ… Ù…ØªÙ†
TextCount;ØªØ¹Ø¯Ø§Ø¯ Ø§Ø³ØªØ±ÛŒÙ… Ù…ØªÙ†
TextlessElementsExist;
ThanksTo;ØªØ´Ú©Ø± Ø§Ø²
Thousands separator;Ù‡Ø²Ø§Ø±Ø§Ù† Ø¬Ø¯Ø§Ú©Ù†Ù†Ø¯Ù‡
TimeCode;
TimeCode_FirstFrame;
TimeCode_Settings;
TimeCode_Source;
TimeCode_Striped;
TimeStamp;
TimeZone;Ù…Ù†Ø·Ù‚Ù‡ Ø³Ø§Ø¹ØªÙ‰ Ø¬Ù‡Ø§Ù†Ù‰
Title;Ø¹Ù†ÙˆØ§Ù†
Title_More;Ø¹Ù†ÙˆØ§Ù†, Ø§Ø·Ù„Ø§Ø¹Ø§Øª Ø¨ÛŒØ´ØªØ±
Total;Ú©Ù„ÛŒ
TotalNumberOfParts;
TotalProgrammeDuration;
Track;Ù†Ø§Ù… ØªØ±Ú©
Track_Count;ØªØ¹Ø¯Ø§Ø¯ ØªØ±Ú©
transfer_characteristics;
Translator;Ù…ØªØ±Ø¬Ù…
Tree;Ø¯Ø±Ø®ØªÛŒ
Tree & Text;Ø¯Ø±Ø®ØªÛŒ ÙˆÙ…ØªÙ†ÛŒ
Type;
UniqueID;
Unknown;Ù†Ø§Ù…Ø¹Ù„ÙˆÙ…
Url;Url
Video;ÙˆÛŒØ¯ÛŒÙˆ
Video stream(s);Ø§Ø³ØªØ±ÛŒÙ… ÙˆÛŒØ¯ÛŒÙˆ
Video_Codec_List;Ú©Ø¯Ú© ÙˆÛŒØ¯ÛŒÙˆ
Video_Delay;Ù…Ú©Ø« ÙˆÛŒØ¯ÛŒÙˆ
Video_No;ÙˆÛŒØ¯ÛŒÙˆÛŒÛŒ ÙˆØ¬ÙˆØ¯ Ù†Ø¯Ø§Ø±Ø¯
Video0_Delay;Video0 delay
Video1;Ø§ÙˆÙ„ÛŒÙ† Ø§Ø³ØªØ±ÛŒÙ… ÙˆÛŒØ¯ÛŒÙˆ
VideoComments;
VideoCount;ØªØ¹Ø¯Ø§Ø¯ Ø§Ø³ØªØ±ÛŒÙ… ÙˆÛŒØ¯ÛŒÙˆ
View;Ù†Ù…Ø§ÛŒØ´
View_Hint;ØªØºÛŒÛŒØ± Ù…Ù†ÙˆÛŒ Ù…Ø´Ø§Ù‡Ø¯Ù‡ Ø§Ø·Ù„Ø§Ø¹Ø§Øª
Warning : more streams in the files;Ù‡Ø´Ø¯Ø§Ø± : Ø¨ÛŒØ´ØªØ± Ø§Ø² ÛŒÚ© Ø§Ø³ØªØ±ÛŒÙ… Ø¯Ø± Ø§ÛŒÙ† ÙØ§ÛŒÙ„ ÙˆØ¬ÙˆØ¯ Ø¯Ø§Ø±Ø¯
Web;ÙˆØ¨
WebSite_Audio;Ø³Ø§ÛŒØª Ú©Ø¯Ú© ØµÙˆØª
WebSite_Audio_More;Ø¨Ù‡ Ø³Ø§ÛŒØª (%Url%) Ø¨Ø±Ø§ÛŒ Ù¾ÛŒØ¯Ø§ Ú©Ø±Ø¯Ù† Ú©Ø¯Ú© ØµÙˆØª Ø¨Ø±ÙˆÛŒØ¯
WebSite_General;Ø³Ø§ÛŒØª Ù¾Ø®Ø´ Ú©Ù†Ù†Ø¯Ù‡ Ø§ÛŒÙ† ÙØ§ÛŒÙ„
WebSite_General_More;Ø³Ø§ÛŒØª Ù¾Ø®Ø´ Ú©Ù†Ù†Ø¯Ù‡ Ø§ÛŒÙ† ÙØ§ÛŒÙ„
WebSite_Text;Ø³Ø§ÛŒØª Ú©Ø¯Ú© Ù…ØªÙ†
WebSite_Text_More;Ø¨Ù‡ Ø³Ø§ÛŒØª (%Url%) Ø¨Ø±Ø§ÛŒ Ù¾ÛŒØ¯Ø§ Ú©Ø±Ø¯Ù† Ú©Ø¯Ú© Ù…ØªÙ† Ø¨Ø±ÙˆÛŒØ¯
WebSite_Url;http://MediaArea.net/MediaInfo
WebSite_Video;Ø³Ø§ÛŒØª ÙˆÛŒØ¯ÛŒÙˆ Ú©Ø¯Ú©
WebSite_Video_More;Ø¨Ù‡ Ø³Ø§ÛŒØª (%Url%) Ø¨Ø±Ø§ÛŒ Ù¾ÛŒØ¯Ø§ Ú©Ø±Ø¯Ù† ÙˆÛŒØ¯ÛŒÙˆ Ú©Ø¯Ú© Ø¨Ø±ÙˆÛŒØ¯
Width;Ø¹Ø±Ø¶
Width_Original;
WriteMe;Ù†ÙˆØ´ØªÙ‡ Ø¨Ø±Ø§ÛŒ Ù†ÙˆÛŒØ³Ù†Ø¯Ù‡
WriteToTranslator;Ù†ÙˆØ´ØªÙ‡ Ø¨Ø±Ø§ÛŒ Ù…ØªØ±Ø¬Ù…
Written_Date;ØªØ§Ø±ÛŒØ® Ù†ÙˆØ´ØªÙ‡
Written_Location;Ù…Ú©Ø§Ù† Ù†ÙˆØ´ØªÙ‡
WrittenBy;Ù†ÙˆØ´ØªÙ‡ Ø´Ø¯Ù‡ ØªÙˆØ³Ø·
Yes;Ø¨Ù„ÛŒ
Your system;Ø³ÛŒØ³ØªÙ… Ø´Ù…Ø§
ZZ_Automatic_Percent;85
ZZ_AutomaticLanguage_Percent;89