  Language_ISO639;ru
  Author_Email;solokot@gmail.com
  Author_Name;solokot
  Author_OldNames;lost in history
  Language_Name;Ð ÑƒÑÑÐºÐ¸Ð¹
  Config_Text_ColumnSize;40
  Config_Text_Separator; : 
  Config_Text_NumberTag; #
  Config_Text_FloatSeparator;,
  Config_Text_ThousandsSeparator;
 audio stream1; Ð°ÑƒÐ´Ð¸Ð¾Ð¿Ð¾Ñ‚Ð¾Ðº
 audio stream2; Ð°ÑƒÐ´Ð¸Ð¾Ð¿Ð¾Ñ‚Ð¾ÐºÐ°
 audio stream3; Ð°ÑƒÐ´Ð¸Ð¾Ð¿Ð¾Ñ‚Ð¾ÐºÐ¾Ð²
 bit1; Ð±Ð¸Ñ‚
 bit2; Ð±Ð¸Ñ‚
 bit3; Ð±Ð¸Ñ‚
 bps; Ð±Ð¸Ñ‚/ÑÐµÐº
 Bps; Ð±Ð°Ð¹Ñ‚/ÑÐµÐº
 Byte1; Ð±Ð°Ð¹Ñ‚
 Byte2; Ð±Ð°Ð¹Ñ‚
 Byte3; Ð±Ð°Ð¹Ñ‚
 channel1; ÐºÐ°Ð½Ð°Ð»
 channel2; ÐºÐ°Ð½Ð°Ð»Ð°
 channel3; ÐºÐ°Ð½Ð°Ð»Ð¾Ð²
 chapter1; Ñ€Ð°Ð·Ð´ÐµÐ»
 chapter2; Ñ€Ð°Ð·Ð´ÐµÐ»Ð°
 chapter3; Ñ€Ð°Ð·Ð´ÐµÐ»Ð¾Ð²
 chapters stream1; Ð¿Ð¾Ñ‚Ð¾Ðº Ñ€Ð°Ð·Ð´ÐµÐ»Ð¾Ð²
 chapters stream2; Ð¿Ð¾Ñ‚Ð¾ÐºÐ° Ñ€Ð°Ð·Ð´ÐµÐ»Ð¾Ð²
 chapters stream3; Ð¿Ð¾Ñ‚Ð¾ÐºÐ¾Ð² Ñ€Ð°Ð·Ð´ÐµÐ»Ð¾Ð²
 character1;
 character2;
 character3;
 day1; Ð´ÐµÐ½ÑŒ
 day2; Ð´Ð½Ñ
 day3; Ð´Ð½ÐµÐ¹
 dB1; Ð´Ð‘
 dB2; Ð´Ð‘
 dB3; Ð´Ð‘
 file1; Ñ„Ð°Ð¹Ð»
 file2; Ñ„Ð°Ð¹Ð»Ð°
 file3; Ñ„Ð°Ð¹Ð»Ð¾Ð²
 fps1; ÐºÐ°Ð´Ñ€/ÑÐµÐº
 fps2; ÐºÐ°Ð´Ñ€Ð°/ÑÐµÐº
 fps3; ÐºÐ°Ð´Ñ€Ð¾Ð²/ÑÐµÐº
 frame1; ÐºÐ°Ð´Ñ€
 frame2; ÐºÐ°Ð´Ñ€Ð°
 frame3; ÐºÐ°Ð´Ñ€Ð¾Ð²
 GB; Ð“Ð‘
 Gb; Ð“Ð±
 Gbps; Ð“Ð±Ð¸Ñ‚/ÑÐµÐº
 GBps; Ð“Ð±Ð°Ð¹Ñ‚/ÑÐµÐº
 GHz; Ð“Ð“Ñ†
 GiB; Ð“Ð±Ð°Ð¹Ñ‚
 GibiByte1; Ð“Ð¸Ð±Ð¸Ð±Ð°Ð¹Ñ‚
 GibiByte2; Ð“Ð¸Ð±Ð¸Ð±Ð°Ð¹Ñ‚
 GibiByte3; Ð“Ð¸Ð±Ð¸Ð±Ð°Ð¹Ñ‚
 GiBps; Ð“Ð±Ð°Ð¹Ñ‚/ÑÐµÐº
 GigaBit1; Ð“Ð¸Ð³Ð°Ð±Ð¸Ñ‚
 GigaBit2; Ð“Ð¸Ð³Ð°Ð±Ð¸Ñ‚
 GigaBit3; Ð“Ð¸Ð³Ð°Ð±Ð¸Ñ‚
 GigaByte1; Ð“Ð¸Ð³Ð°Ð±Ð°Ð¹Ñ‚
 GigaByte2; Ð“Ð¸Ð³Ð°Ð±Ð°Ð¹Ñ‚
 GigaByte3; Ð“Ð¸Ð³Ð°Ð±Ð°Ð¹Ñ‚
 hour1; Ñ‡Ð°Ñ
 hour2; Ñ‡Ð°ÑÐ°
 hour3; Ñ‡Ð°ÑÐ¾Ð²
 Hz; Ð“Ñ†
 image stream1; Ð¿Ð¾Ñ‚Ð¾Ðº Ð¸Ð·Ð¾Ð±Ñ€Ð°Ð¶ÐµÐ½Ð¸Ð¹
 image stream2; Ð¿Ð¾Ñ‚Ð¾ÐºÐ° Ð¸Ð·Ð¾Ð±Ñ€Ð°Ð¶ÐµÐ½Ð¸Ð¹
 image stream3; Ð¿Ð¾Ñ‚Ð¾ÐºÐ¾Ð² Ð¸Ð·Ð¾Ð±Ñ€Ð°Ð¶ÐµÐ½Ð¸Ð¹
 KB; ÐšÐ‘
 Kb; ÐšÐ±
 KBps; ÐšÐ±Ð°Ð¹Ñ‚/ÑÐµÐº
 Kbps; ÐšÐ±Ð¸Ñ‚/ÑÐµÐº
 KHz; ÐšÐ“Ñ†
 KiB; ÐšÐ±Ð°Ð¹Ñ‚
 KibiBit1; ÐšÐ¸Ð±Ð¸Ð±Ð¸Ñ‚
 KibiBit2; ÐšÐ¸Ð±Ð¸Ð±Ð¸Ñ‚
 KibiBit3; ÐšÐ¸Ð±Ð¸Ð±Ð¸Ñ‚
 KibiByte1; ÐšÐ¸Ð±Ð¸Ð±Ð°Ð¹Ñ‚
 KibiByte2; ÐšÐ¸Ð±Ð¸Ð±Ð°Ð¹Ñ‚
 KibiByte3; ÐšÐ¸Ð±Ð¸Ð±Ð°Ð¹Ñ‚
 KiBps; ÐšÐ±Ð°Ð¹Ñ‚/ÑÐµÐº
 KiloBit1; ÐšÐ¸Ð»Ð¾Ð±Ð¸Ñ‚
 KiloBit2; ÐšÐ¸Ð»Ð¾Ð±Ð¸Ñ‚
 KiloBit3; ÐšÐ¸Ð»Ð¾Ð±Ð¸Ñ‚
 KiloByte1; ÐšÐ¸Ð»Ð¾Ð±Ð°Ð¹Ñ‚
 KiloByte2; ÐšÐ¸Ð»Ð¾Ð±Ð°Ð¹Ñ‚
 KiloByte3; ÐšÐ¸Ð»Ð¾Ð±Ð°Ð¹Ñ‚
 MB; ÐœÐ‘
 Mb; ÐœÐ±
 Mbps; ÐœÐ±Ð¸Ñ‚/ÑÐµÐº
 MBps; ÐœÐ±Ð°Ð¹Ñ‚/ÑÐµÐº
 MebiBit1; ÐœÐµÐ±Ð¸Ð±Ð¸Ñ‚
 MebiBit2; ÐœÐµÐ±Ð¸Ð±Ð¸Ñ‚
 MebiBit3; ÐœÐµÐ±Ð¸Ð±Ð¸Ñ‚
 MebiByte1; ÐœÐµÐ±Ð¸Ð±Ð°Ð¹Ñ‚
 MebiByte2; ÐœÐµÐ±Ð¸Ð±Ð°Ð¹Ñ‚
 MebiByte3; ÐœÐµÐ±Ð¸Ð±Ð°Ð¹Ñ‚
 MegaBit1; ÐœÐµÐ³Ð°Ð±Ð¸Ñ‚
 MegaBit2; ÐœÐµÐ³Ð°Ð±Ð¸Ñ‚
 MegaBit3; ÐœÐµÐ³Ð°Ð±Ð¸Ñ‚
 MegaByte1; ÐœÐµÐ³Ð°Ð±Ð°Ð¹Ñ‚
 MegaByte2; ÐœÐµÐ³Ð°Ð±Ð°Ð¹Ñ‚
 MegaByte3; ÐœÐµÐ³Ð°Ð±Ð°Ð¹Ñ‚
 MHz; ÐœÐ“Ñ†
 MiB; ÐœÐ±Ð°Ð¹Ñ‚
 Mib; ÐœÐ¸Ð±
 MiBps; ÐœÐ±Ð°Ð¹Ñ‚/ÑÐµÐº
 millisecond1; Ð¼Ð¸Ð»Ð»Ð¸ÑÐµÐºÑƒÐ½Ð´Ð°
 millisecond2; Ð¼Ð¸Ð»Ð»Ð¸ÑÐµÐºÑƒÐ½Ð´Ñ‹
 millisecond3; Ð¼Ð¸Ð»Ð»Ð¸ÑÐµÐºÑƒÐ½Ð´
 minute1; Ð¼Ð¸Ð½ÑƒÑ‚Ð°
 minute2; Ð¼Ð¸Ð½ÑƒÑ‚Ñ‹
 minute3; Ð¼Ð¸Ð½ÑƒÑ‚
 month1; Ð¼ÐµÑÑÑ†
 month2; Ð¼ÐµÑÑÑ†Ð°
 month3; Ð¼ÐµÑÑÑ†Ð¾Ð²
 pixel1; Ð¿Ð¸ÐºÑÐµÐ»ÑŒ
 pixel2; Ð¿Ð¸ÐºÑÐµÐ»Ñ
 pixel3; Ð¿Ð¸ÐºÑÐµÐ»ÐµÐ¹
 second1; ÑÐµÐºÑƒÐ½Ð´Ð°
 second2; ÑÐµÐºÑƒÐ½Ð´Ñ‹
 second3; ÑÐµÐºÑƒÐ½Ð´
 text stream1; Ñ‚ÐµÐºÑÑ‚Ð¾Ð²Ñ‹Ð¹ Ð¿Ð¾Ñ‚Ð¾Ðº
 text stream2; Ñ‚ÐµÐºÑÑ‚Ð¾Ð²Ñ‹Ñ… Ð¿Ð¾Ñ‚Ð¾ÐºÐ°
 text stream3; Ñ‚ÐµÐºÑÑ‚Ð¾Ð²Ñ‹Ñ… Ð¿Ð¾Ñ‚Ð¾ÐºÐ¾Ð²
 video frames1; Ð²Ð¸Ð´ÐµÐ¾ÐºÐ°Ð´Ñ€
 video frames2; Ð²Ð¸Ð´ÐµÐ¾ÐºÐ°Ð´Ñ€Ð°
 video frames3; Ð²Ð¸Ð´ÐµÐ¾ÐºÐ°Ð´Ñ€Ð¾Ð²
 video stream1; Ð²Ð¸Ð´ÐµÐ¾Ð¿Ð¾Ñ‚Ð¾Ðº
 video stream2; Ð²Ð¸Ð´ÐµÐ¾Ð¿Ð¾Ñ‚Ð¾ÐºÐ°
 video stream3; Ð²Ð¸Ð´ÐµÐ¾Ð¿Ð¾Ñ‚Ð¾ÐºÐ¾Ð²
 warppoint0;Ð‘ÐµÐ· Ñ‚Ð¾Ñ‡ÐºÐ¸ Ð¿ÐµÑ€ÐµÑ…Ð¾Ð´Ð°
 warppoint1; Ñ‚Ð¾Ñ‡ÐºÐ° Ð¿ÐµÑ€ÐµÑ…Ð¾Ð´Ð°
 warppoint2; Ñ‚Ð¾Ñ‡ÐºÐ¸ Ð¿ÐµÑ€ÐµÑ…Ð¾Ð´Ð°
 warppoint3; Ñ‚Ð¾Ñ‡ÐµÐº Ð¿ÐµÑ€ÐµÑ…Ð¾Ð´Ð°
 week1; Ð½ÐµÐ´ÐµÐ»Ñ
 week2; Ð½ÐµÐ´ÐµÐ»Ð¸
 week3; Ð½ÐµÐ´ÐµÐ»ÑŒ
 year1; Ð³Ð¾Ð´
 year2; Ð³Ð¾Ð´Ð°
 year3; Ð»ÐµÑ‚
, ;, 
: ;: 
3D;
3DType;
About;Ðž Ð¿Ñ€Ð¾Ð³Ñ€Ð°Ð¼Ð¼Ðµ
About_Hint;ÐšÐ°Ðº ÑÐ²ÑÐ·Ð°Ñ‚ÑŒÑÑ ÑÐ¾ Ð¼Ð½Ð¾Ð¹ Ð¸ Ð½Ð°Ð¹Ñ‚Ð¸ Ð¿Ð¾ÑÐ»ÐµÐ´Ð½ÑŽÑŽ Ð²ÐµÑ€ÑÐ¸ÑŽ Ð¿Ñ€Ð¾Ð³Ñ€Ð°Ð¼Ð¼Ñ‹
Accompaniment;Ð¡Ð¾Ð¿Ñ€Ð¾Ð²Ð¾Ð¶Ð´ÐµÐ½Ð¸Ðµ
ActiveFormatDescription;ÐžÐ¿Ð¸ÑÐ°Ð½Ð¸Ðµ Ð°ÐºÑ‚Ð¸Ð²Ð½Ð¾Ð³Ð¾ Ñ„Ð¾Ñ€Ð¼Ð°Ñ‚Ð°
ActiveFormatDescription_MuxingMode;ÐžÐ¿Ð¸ÑÐ°Ð½Ð¸Ðµ Ð°ÐºÑ‚Ð¸Ð²Ð½Ð¾Ð³Ð¾ Ñ„Ð¾Ñ€Ð¼Ð°Ñ‚Ð°, Ñ€ÐµÐ¶Ð¸Ð¼ ÑÐ¼ÐµÑˆÐ¸Ð²Ð°Ð½Ð¸Ñ
Actor;Ð˜ÑÐ¿Ð¾Ð»Ð½Ð¸Ñ‚ÐµÐ»ÑŒ
Actor_Character;Ð Ð¾Ð»ÑŒ
Added_Date;Ð”Ð°Ñ‚Ð° Ð´Ð¾Ð±Ð°Ð²Ð»ÐµÐ½Ð¸Ð¸Ñ
Address;ÐÐ´Ñ€ÐµÑ
Advanced;Ð”Ð¾Ð¿Ð¾Ð»Ð½Ð¸Ñ‚ÐµÐ»ÑŒÐ½Ð¾
Advanced mode;Ð Ð°ÑÑˆÐ¸Ñ€ÐµÐ½Ð½Ñ‹Ð¹ Ñ€ÐµÐ¶Ð¸Ð¼
Album;ÐÐ»ÑŒÐ±Ð¾Ð¼
Album_ReplayGain_Gain;ÐÐ¾Ñ€Ð¼Ð°Ð»Ð¸Ð·Ð°Ñ‚Ð¾Ñ€ Ð·Ð²ÑƒÐºÐ° Ð°Ð»ÑŒÐ±Ð¾Ð¼Ð°
Album_ReplayGain_Peak;ÐŸÐ¸Ðº Ð½Ð¾Ñ€Ð¼Ð°Ð»Ð¸Ð·Ð°Ñ‚Ð¾Ñ€Ð° Ð·Ð²ÑƒÐºÐ° Ð°Ð»ÑŒÐ±Ð¾Ð¼Ð°
Alignment;Ð’Ñ‹Ñ€Ð°Ð²Ð½Ð¸Ð²Ð°Ð½Ð¸Ðµ
Alignment_Aligned;Ð¡Ð¾ÐµÐ´Ð¸Ð½ÐµÐ½Ð¸Ðµ Ð¿Ð¾ Ð¿Ñ€Ð¾Ð¼ÐµÐ¶ÑƒÑ‚ÐºÐ°Ð¼
Alignment_Split;Ð Ð°Ð·Ð´ÐµÐ»ÐµÐ½Ð¸Ðµ Ð¿Ð¾ Ð¿Ñ€Ð¾Ð¼ÐµÐ¶ÑƒÑ‚ÐºÐ°Ð¼
All;Ð’ÑÐµ
Archival_Location;ÐœÐµÑÑ‚Ð¾ Ñ…Ñ€Ð°Ð½ÐµÐ½Ð¸Ñ
Arranger;ÐÑ€Ð°Ð½Ð¶Ð¸Ñ€Ð¾Ð²Ñ‰Ð¸Ðº
ArtDirector;ÐÑ€Ñ‚-Ð´Ð¸Ñ€ÐµÐºÑ‚Ð¾Ñ€
AspectRatio;Ð¡Ð¾Ð¾Ñ‚Ð½Ð¾ÑˆÐµÐ½Ð¸Ðµ
AssistantDirector;ÐŸÐ¾Ð¼Ð¾Ñ‰Ð½Ð¸Ðº Ñ€ÐµÐ¶Ð¸ÑÑÑ‘Ñ€Ð°
at;Ð²
At least one file;ÐÐµÐ¾Ð±Ñ…Ð¾Ð´Ð¸Ð¼Ð¾ Ð¾Ñ‚ÐºÑ€Ñ‹Ñ‚ÑŒ ÐºÐ°Ðº Ð¼Ð¸Ð½Ð¸Ð¼ÑƒÐ¼ Ð¾Ð´Ð¸Ð½ Ñ„Ð°Ð¹Ð»
Audio;ÐÑƒÐ´Ð¸Ð¾
Audio stream(s);ÐÑƒÐ´Ð¸Ð¾Ð¿Ð¾Ñ‚Ð¾ÐºÐ¸
Audio_Codec_List;ÐÑƒÐ´Ð¸Ð¾ÐºÐ¾Ð´ÐµÐºÐ¸
Audio_No;ÐÐµÑ‚ Ð°ÑƒÐ´Ð¸Ð¾
Audio1;ÐŸÐµÑ€Ð²Ñ‹Ð¹ Ð°ÑƒÐ´Ð¸Ð¾Ð¿Ð¾Ñ‚Ð¾Ðº
Audio2;Ð’Ñ‚Ð¾Ñ€Ð¾Ð¹ Ð°ÑƒÐ´Ð¸Ð¾Ð¿Ð¾Ñ‚Ð¾Ðº
AudioComments;
AudioCount;ÐšÐ¾Ð»-Ð²Ð¾ Ð°ÑƒÐ´Ð¸Ð¾Ð¿Ð¾Ñ‚Ð¾ÐºÐ¾Ð²
AudioDescriptionPresent;
AudioDescriptionType;
AudioLoudnessStandard;
AudioTrackLayout;
Author;ÐÐ²Ñ‚Ð¾Ñ€
BarCode;Ð¨Ñ‚Ñ€Ð¸Ñ…ÐºÐ¾Ð´
Basic;ÐšÑ€Ð°Ñ‚ÐºÐ¾
Basic_Note;ÐŸÑ€Ð¸Ð¼ÐµÑ‡Ð°Ð½Ð¸Ðµ: Ð´Ð»Ñ Ð´Ð¾Ð¿Ð¾Ð»Ð½Ð¸Ñ‚ÐµÐ»ÑŒÐ½Ð¾Ð¹ Ð¸Ð½Ñ„Ð¾Ñ€Ð¼Ð°Ñ†Ð¸Ð¸ Ð²Ñ‹Ð±ÐµÑ€Ð¸Ñ‚Ðµ Ð´Ñ€ÑƒÐ³ÑƒÑŽ Ð·Ð°ÐºÐ»Ð°Ð´ÐºÑƒ (Ñ‚Ð°Ð±Ð»Ð¸Ñ†Ð°, Ð´ÐµÑ€ÐµÐ²Ð¾,...)
BitDepth;Ð‘Ð¸Ñ‚Ð¾Ð²Ð°Ñ Ð³Ð»ÑƒÐ±Ð¸Ð½Ð°
BitDepth_Stored;
BitRate;Ð‘Ð¸Ñ‚Ñ€ÐµÐ¹Ñ‚
BitRate_Encoded;Ð—Ð°ÐºÐ¾Ð´Ð¸Ñ€Ð¾Ð²Ð°Ð½Ð½Ñ‹Ð¹ Ð±Ð¸Ñ‚Ñ€ÐµÐ¹Ñ‚
BitRate_Maximum;ÐœÐ°ÐºÑÐ¸Ð¼Ð°Ð»ÑŒÐ½Ñ‹Ð¹ Ð±Ð¸Ñ‚Ñ€ÐµÐ¹Ñ‚
BitRate_Minimum;ÐœÐ¸Ð½Ð¸Ð¼Ð°Ð»ÑŒÐ½Ñ‹Ð¹ Ð±Ð¸Ñ‚Ñ€ÐµÐ¹Ñ‚
BitRate_Mode;Ð’Ð¸Ð´ Ð±Ð¸Ñ‚Ñ€ÐµÐ¹Ñ‚Ð°
BitRate_Mode_CBR;ÐŸÐ¾ÑÑ‚Ð¾ÑÐ½Ð½Ñ‹Ð¹
BitRate_Mode_VBR;ÐŸÐµÑ€ÐµÐ¼ÐµÐ½Ð½Ñ‹Ð¹
BitRate_Nominal;ÐÐ¾Ð¼Ð¸Ð½Ð°Ð»ÑŒÐ½Ñ‹Ð¹ Ð±Ð¸Ñ‚Ñ€ÐµÐ¹Ñ‚
Bits-(Pixel*Frame);Ð‘Ð¸Ñ‚/(ÐŸÐ¸ÐºÑÐµÐ»Ð¸*ÐšÐ°Ð´Ñ€Ñ‹)
BufferSize;Ð Ð°Ð·Ð¼ÐµÑ€ Ð±ÑƒÑ„ÐµÑ€Ð°
Cancel;ÐžÑ‚Ð¼ÐµÐ½Ð°
Channel(s);ÐšÐ°Ð½Ð°Ð»Ñ‹
ChannelPositions;Ð Ð°ÑÐ¿Ð¾Ð»Ð¾Ð¶ÐµÐ½Ð¸Ðµ ÐºÐ°Ð½Ð°Ð»Ð¾Ð²
Chapter(s);Ð Ð°Ð·Ð´ÐµÐ»Ñ‹
Chapters;Ð Ð°Ð·Ð´ÐµÐ»Ñ‹
Chapters stream(s);ÐŸÐ¾Ñ‚Ð¾ÐºÐ¸ Ñ€Ð°Ð·Ð´ÐµÐ»Ð¾Ð²
Chapters_Codec_List;ÐšÐ¾Ð´ÐµÐºÐ¸ Ñ€Ð°Ð·Ð´ÐµÐ»Ð¾Ð²
Chapters_No;ÐÐµÑ‚ Ñ€Ð°Ð·Ð´ÐµÐ»Ð¾Ð²
ChaptersCount;ÐšÐ¾Ð»-Ð²Ð¾ Ñ€Ð°Ð·Ð´ÐµÐ»Ð¾Ð²
CheckNewVersion;ÐŸÑ€Ð¾Ð²ÐµÑ€Ð¸Ñ‚ÑŒ Ð½Ð°Ð»Ð¸Ñ‡Ð¸Ðµ Ð½Ð¾Ð²Ð¾Ð¹ Ð²ÐµÑ€ÑÐ¸Ð¸
Choose custom;Ð’Ñ‹Ð±Ñ€Ð°Ñ‚ÑŒ
Choose custom sheet;Ð’Ñ‹Ð±Ñ€Ð°Ñ‚ÑŒ Ñ‚Ð°Ð±Ð»Ð¸Ñ†Ñƒ
Choose custom text;Ð’Ñ‹Ð±Ñ€Ð°Ñ‚ÑŒ Ñ‚ÐµÐºÑÑ‚
Choose export format;Ð’Ñ‹Ð±ÐµÑ€Ð¸Ñ‚Ðµ Ñ„Ð¾Ñ€Ð¼Ð°Ñ‚ Ð²Ñ‹Ð²Ð¾Ð´Ð°
Choose file(s);Ð’Ñ‹Ð±ÐµÑ€Ð¸Ñ‚Ðµ Ñ„Ð°Ð¹Ð»Ñ‹
Choose filename;Ð’Ñ‹Ð±ÐµÑ€Ð¸Ñ‚Ðµ Ð¸Ð¼Ñ Ñ„Ð°Ð¹Ð»Ð°
Choose language;Ð’Ñ‹Ð±ÐµÑ€Ð¸Ñ‚Ðµ ÑÐ·Ñ‹Ðº
Choregrapher;Ð¥Ð¾Ñ€ÐµÐ¾Ð³Ñ€Ð°Ñ„
Chroma;Ð¦Ð²ÐµÑ‚Ð½Ð¾ÑÑ‚ÑŒ
ChromaSubsampling;Ð¡ÑƒÐ±Ð´Ð¸ÑÐºÑ€ÐµÑ‚Ð¸Ð·Ð°Ñ†Ð¸Ñ Ð½Ð°ÑÑ‹Ñ‰ÐµÐ½Ð½Ð¾ÑÑ‚Ð¸
Close;Ð—Ð°ÐºÑ€Ñ‹Ñ‚ÑŒ
Close all before open;Ð—Ð°ÐºÑ€Ñ‹Ð²Ð°Ñ‚ÑŒ Ð²ÑÑ‘ Ð¿ÐµÑ€ÐµÐ´ Ð¾Ñ‚ÐºÑ€Ñ‹Ñ‚Ð¸ÐµÐ¼ Ð½Ð¾Ð²Ñ‹Ñ… Ñ„Ð°Ð¹Ð»Ð¾Ð²
ClosedCaptionsLanguage;
ClosedCaptionsPresent;
ClosedCaptionsType;
Codec;ÐšÐ¾Ð´ÐµÐº
Codec_Description;ÐžÐ¿Ð¸ÑÐ°Ð½Ð¸Ðµ ÐºÐ¾Ð´ÐµÐºÐ°
Codec_Info;ÐŸÐ¾Ð´Ñ€Ð¾Ð±Ð½Ð¾ Ð¾ ÐºÐ¾Ð´ÐµÐºÐµ
Codec_Profile;ÐŸÑ€Ð¾Ñ„Ð¸Ð»ÑŒ ÐºÐ¾Ð´ÐµÐºÐ°
Codec_Settings;ÐÐ°ÑÑ‚Ñ€Ð¾Ð¹ÐºÐ¸ ÐºÐ¾Ð´ÐµÐºÐ°
Codec_Settings_BVOP;ÐŸÐ°Ñ€Ð°Ð¼ÐµÑ‚Ñ€ BVOP ÐºÐ¾Ð´ÐµÐºÐ°
Codec_Settings_CABAC;ÐŸÐ°Ñ€Ð°Ð¼ÐµÑ‚Ñ€ CABAC ÐºÐ¾Ð´ÐµÐºÐ°
Codec_Settings_Endianness;ÐŸÐ°Ñ€Ð°Ð¼ÐµÑ‚Ñ€ Endianness ÐºÐ¾Ð´ÐµÐºÐ°
Codec_Settings_Firm;ÐŸÐ°Ñ€Ð°Ð¼ÐµÑ‚Ñ€ Firm ÐºÐ¾Ð´ÐµÐºÐ°
Codec_Settings_Floor;ÐŸÐ°Ñ€Ð°Ð¼ÐµÑ‚Ñ€ Floor ÐºÐ¾Ð´ÐµÐºÐ°
Codec_Settings_GMC;ÐŸÐ°Ñ€Ð°Ð¼ÐµÑ‚Ñ€ GMC ÐºÐ¾Ð´ÐµÐºÐ°
Codec_Settings_ITU;ÐŸÐ°Ñ€Ð°Ð¼ÐµÑ‚Ñ€ ITU ÐºÐ¾Ð´ÐµÐºÐ°
Codec_Settings_Law;ÐŸÐ°Ñ€Ð°Ð¼ÐµÑ‚Ñ€ Law ÐºÐ¾Ð´ÐµÐºÐ°
Codec_Settings_Matrix;ÐŸÐ°Ñ€Ð°Ð¼ÐµÑ‚Ñ€ Ð¼Ð°Ñ‚Ñ€Ð¸Ñ†Ñ‹ ÐºÐ¾Ð´ÐµÐºÐ°
Codec_Settings_PacketBitStream;ÐŸÐ°Ñ€Ð°Ð¼ÐµÑ‚Ñ€ Ð¿Ð°ÐºÐµÑ‚Ð½Ð¾Ð³Ð¾ Ð¿Ð¾Ñ‚Ð¾ÐºÐ° Ð´Ð°Ð½Ð½Ñ‹Ñ… ÐºÐ¾Ð´ÐµÐºÐ°
Codec_Settings_QPel;ÐŸÐ°Ñ€Ð°Ð¼ÐµÑ‚Ñ€ QPel ÐºÐ¾Ð´ÐµÐºÐ°
Codec_Settings_Sign;ÐŸÐ°Ñ€Ð°Ð¼ÐµÑ‚Ñ€ Sign ÐºÐ¾Ð´ÐµÐºÐ°
Codec_Url;Ð¡ÑÑ‹Ð»ÐºÐ° Ð½Ð° ÐºÐ¾Ð´ÐµÐº
CodecID;Ð˜Ð´ÐµÐ½Ñ‚Ð¸Ñ„Ð¸ÐºÐ°Ñ‚Ð¾Ñ€ ÐºÐ¾Ð´ÐµÐºÐ°
CodecID_Description;ÐžÐ¿Ð¸ÑÐ°Ð½Ð¸Ðµ ÐºÐ¾Ð´ÐµÐºÐ°
Collection;ÐšÐ¾Ð»Ð»ÐµÐºÑ†Ð¸Ñ
Colorimetry;ÐšÐ¾Ð»Ð¾Ñ€Ð¸Ð¼ÐµÑ‚Ñ€Ð¸Ñ
ColorSpace;Ð¦Ð²ÐµÑ‚Ð¾Ð²Ð¾Ðµ Ð¿Ñ€Ð¾ÑÑ‚Ñ€Ð°Ð½ÑÑ‚Ð²Ð¾
colour_primaries;ÐžÑÐ½Ð¾Ð²Ð½Ñ‹Ðµ Ñ†Ð²ÐµÑ‚Ð°
Comment;ÐŸÑ€Ð¸Ð¼ÐµÑ‡Ð°Ð½Ð¸Ðµ
CommissionedBy;ÐŸÐ¾Ñ€ÑƒÑ‡Ð¸Ñ‚ÐµÐ»ÑŒ
Compilation;ÐšÐ¾Ð¼Ð¿Ð¸Ð»ÑÑ†Ð¸Ñ
CompleteName;ÐŸÐ¾Ð»Ð½Ð¾Ðµ Ð¸Ð¼Ñ
CompletionDate;
Composer;ÐšÐ¾Ð¼Ð¿Ð¾Ð·Ð¸Ñ‚Ð¾Ñ€
Compression_Mode;ÐœÐµÑ‚Ð¾Ð´ ÑÐ¶Ð°Ñ‚Ð¸Ñ
Compression_Mode_Lossless;Ð‘ÐµÐ· Ð¿Ð¾Ñ‚ÐµÑ€ÑŒ
Compression_Mode_Lossy;Ð¡ Ð¿Ð¾Ñ‚ÐµÑ€ÑÐ¼Ð¸
Compression_Ratio;Ð¡Ñ‚ÐµÐ¿ÐµÐ½ÑŒ ÑÐ¶Ð°Ñ‚Ð¸Ñ
Conductor;Ð”Ð¸Ñ€Ð¸Ð¶Ñ‘Ñ€
ContactEmail;
ContactTelephoneNumber;
Container and general information;ÐžÐ±Ñ‰Ð°Ñ Ð¸Ð½Ñ„Ð¾Ñ€Ð¼Ð°Ñ†Ð¸Ñ
ContentType;Ð¢Ð¸Ð¿ ÑÐ¾Ð´ÐµÑ€Ð¶Ð¸Ð¼Ð¾Ð³Ð¾
CoProducer;Ð¡Ð¾Ð¿Ñ€Ð¾Ð´ÑŽÑÐµÑ€
Copyright;ÐŸÑ€Ð°Ð²Ð¾Ð¾Ð±Ð»Ð°Ð´Ð°Ñ‚ÐµÐ»ÑŒ
CopyrightYear;
CostumeDesigner;Ð¥ÑƒÐ´Ð¾Ð¶Ð½Ð¸Ðº Ð¿Ð¾ ÐºÐ¾ÑÑ‚ÑŽÐ¼Ð°Ð¼
Count;ÐšÐ¾Ð»-Ð²Ð¾
Country;Ð¡Ñ‚Ñ€Ð°Ð½Ð°
Cover;ÐžÐ±Ð»Ð¾Ð¶ÐºÐ°
Cover_Datas;Ð”Ð°Ð½Ð½Ñ‹Ðµ Ð¾Ð±Ð»Ð¾Ð¶ÐºÐ¸
Cover_Description;ÐžÐ¿Ð¸ÑÐ°Ð½Ð¸Ðµ Ð¾Ð±Ð»Ð¾Ð¶ÐºÐ¸
Cover_Mime;MIME-Ñ‚Ð¸Ð¿ Ð¾Ð±Ð»Ð¾Ð¶ÐºÐ¸
Cover_Type;Ð¢Ð¸Ð¿ Ð¾Ð±Ð»Ð¾Ð¶ÐºÐ¸
Cropped;Ð Ð°Ð·Ð¼ÐµÑ€Ñ‹ Ð¿Ð¾Ð´Ñ€ÐµÐ·ÐºÐ¸
Custom;Ð’Ñ‹Ð±Ð¾Ñ€Ð¾Ñ‡Ð½Ð¾
Customize;ÐÐ°ÑÑ‚Ñ€Ð¾Ð¹ÐºÐ°
Date;Ð”Ð°Ñ‚Ð°
Debug;ÐžÑ‚Ð»Ð°Ð´ÐºÐ°
Decimal point;Ð”ÐµÑÑÑ‚Ð¸Ñ‡Ð½Ð°Ñ Ñ‚Ð¾Ñ‡ÐºÐ°
Delay;Ð—Ð°Ð´ÐµÑ€Ð¶ÐºÐ°
Delay_Source;Ð—Ð°Ð´ÐµÑ€Ð¶ÐºÐ° Ð² Ð¾Ñ€Ð¸Ð³Ð¸Ð½Ð°Ð»Ðµ
Delay_Source_Container;ÐšÐ¾Ð½Ñ‚ÐµÐ¹Ð½ÐµÑ€
Delay_Source_Stream;'Ð¡Ñ‹Ñ€Ð¾Ð¹' Ð¿Ð¾Ñ‚Ð¾Ðº
Delete;Ð£Ð´Ð°Ð»Ð¸Ñ‚ÑŒ
Description;ÐžÐ¿Ð¸ÑÐ°Ð½Ð¸Ðµ
Digitized_Date;Ð”Ð°Ñ‚Ð° Ð¾Ñ†Ð¸Ñ„Ñ€Ð¾Ð²ÐºÐ¸
Dimensions;Ð Ð°Ð·Ð¼ÐµÑ€Ñ‹
Director;Ð ÐµÐ¶Ð¸ÑÑÑ‘Ñ€
DirectorOfPhotography;ÐžÐ¿ÐµÑ€Ð°Ñ‚Ð¾Ñ€
DisplayAspectRatio;Ð¡Ð¾Ð¾Ñ‚Ð½Ð¾ÑˆÐµÐ½Ð¸Ðµ ÑÑ‚Ð¾Ñ€Ð¾Ð½
DisplayAspectRatio_Original;Ð¡Ð¾Ð¾Ñ‚Ð½Ð¾ÑˆÐµÐ½Ð¸Ðµ ÑÑ‚Ð¾Ñ€Ð¾Ð½ Ð² Ð¾Ñ€Ð¸Ð³Ð¸Ð½Ð°Ð»Ðµ
DistributedBy;Ð Ð°ÑÐ¿Ñ€Ð¾ÑÑ‚Ñ€Ð°Ð½Ð¸Ñ‚ÐµÐ»ÑŒ
Distributor;
Donate;Ð’Ð½ÐµÑÑ‚Ð¸ Ð¿Ð¾Ð¶ÐµÑ€Ñ‚Ð²Ð¾Ð²Ð°Ð½Ð¸Ðµ
DotsPerInch;Ð¢Ð¾Ñ‡ÐµÐº Ð½Ð° Ð´ÑŽÐ¹Ð¼
Duration;ÐŸÑ€Ð¾Ð´Ð¾Ð»Ð¶Ð¸Ñ‚ÐµÐ»ÑŒÐ½Ð¾ÑÑ‚ÑŒ
Duration_End;Ð’Ñ€ÐµÐ¼Ñ Ð¾ÐºÐ¾Ð½Ñ‡Ð°Ð½Ð¸Ñ
Duration_Start;Ð’Ñ€ÐµÐ¼Ñ Ð½Ð°Ñ‡Ð°Ð»Ð°
Edit;Ð˜Ð·Ð¼ÐµÐ½ÐµÐ½Ð¸Ðµ
EditedBy;Ð˜Ð·Ð¼ÐµÐ½ÐµÐ½Ð¾
EMail;ÐŸÐ¾Ñ‡Ñ‚Ð°
Encoded_Application;ÐŸÑ€Ð¾Ð³Ñ€Ð°Ð¼Ð¼Ð° ÐºÐ¾Ð´Ð¸Ñ€Ð¾Ð²Ð°Ð½Ð¸Ñ
Encoded_Date;Ð”Ð°Ñ‚Ð° ÐºÐ¾Ð´Ð¸Ñ€Ð¾Ð²Ð°Ð½Ð¸Ñ
Encoded_Library;Ð‘Ð¸Ð±Ð»Ð¸Ð¾Ñ‚ÐµÐºÐ° ÐºÐ¾Ð´Ð¸Ñ€Ð¾Ð²Ð°Ð½Ð¸Ñ
Encoded_Library_Settings;ÐÐ°ÑÑ‚Ñ€Ð¾Ð¹ÐºÐ¸ Ð¿Ñ€Ð¾Ð³Ñ€Ð°Ð¼Ð¼Ñ‹
Encoded_Original;Ð˜ÑÑ‚Ð¾Ñ‡Ð½Ð¸Ðº Ð¾Ñ€Ð¸Ð³Ð¸Ð½Ð°Ð»Ð°
EncodedBy;ÐšÐ¾Ð´Ð¸Ñ€Ð¾Ð²Ð°Ð½Ð¸Ðµ Ð¿Ñ€Ð¾Ð¸Ð·Ð²Ñ‘Ð»
EPG_Positions;ÐŸÐ¾Ð·Ð¸Ñ†Ð¸Ð¸ EPG (Ð²Ð½ÑƒÑ‚Ñ€ÐµÐ½Ð½Ð¸Ðµ)
EpisodeTitleNumber;
Error_File;ÐžÑˆÐ¸Ð±ÐºÐ° Ð² Ñ„Ð°Ð¹Ð»Ðµ
ExecutiveProducer;Ð˜ÑÐ¿Ð¾Ð»Ð½Ð¸Ñ‚ÐµÐ»ÑŒÐ½Ñ‹Ð¹ Ð¿Ñ€Ð¾Ð´ÑŽÑÐµÑ€
Exit;Ð’Ñ‹Ñ…Ð¾Ð´
Exit_Hint;Ð’Ñ‹Ñ…Ð¾Ð´ Ð¸Ð· Ð¿Ñ€Ð¾Ð³Ñ€Ð°Ð¼Ð¼Ñ‹
Export;Ð­ÐºÑÐ¿Ð¾Ñ€Ñ‚
Export_Hint;Ð­ÐºÑÐ¿Ð¾Ñ€Ñ‚ Ð´Ð°Ð½Ð½Ñ‹Ñ… Ð² Ñ€Ð°Ð·Ð»Ð¸Ñ‡Ð½Ñ‹Ñ… Ñ„Ð¾Ñ€Ð¼Ð°Ñ‚Ð°Ñ…
Extensions;Ð˜ÑÐ¿Ð¾Ð»ÑŒÐ·ÑƒÐµÑ‚ÑÑ Ð²
Family;Ð¡ÐµÐ¼ÐµÐ¹ÑÑ‚Ð²Ð¾
Fax;Ð¤Ð°ÐºÑ
File;Ð¤Ð°Ð¹Ð»
File size;Ð Ð°Ð·Ð¼ÐµÑ€ Ñ„Ð°Ð¹Ð»Ð°
File_Append;Ð”Ð¾Ð±Ð°Ð²Ð¸Ñ‚ÑŒ Ðº Ñ„Ð°Ð¹Ð»Ñƒ
File_Created_Date;Ð”Ð°Ñ‚Ð° Ñ„Ð°Ð¹Ð»Ð°
File_Created_Date_Local;Ð”Ð°Ñ‚Ð° Ñ„Ð°Ð¹Ð»Ð° (Ð¼ÐµÑÑ‚Ð½Ð°Ñ)
File_Hint;ÐžÐ¿ÐµÑ€Ð°Ñ†Ð¸Ð¸ Ñ Ñ„Ð°Ð¹Ð»Ð°Ð¼Ð¸
File_Modified_Date;Ð”Ð°Ñ‚Ð° Ð¸Ð·Ð¼ÐµÐ½ÐµÐ½Ð¸Ñ Ñ„Ð°Ð¹Ð»Ð°
File_Modified_Date_Local;Ð”Ð°Ñ‚Ð° Ð¸Ð·Ð¼ÐµÐ½ÐµÐ½Ð¸Ñ Ñ„Ð°Ð¹Ð»Ð° (Ð¼ÐµÑÑ‚Ð½Ð°Ñ)
FileExtension;Ð Ð°ÑÑˆÐ¸Ñ€ÐµÐ½Ð¸Ðµ
FileName;Ð˜Ð¼Ñ Ñ„Ð°Ð¹Ð»Ð°
FileSize;Ð Ð°Ð·Ð¼ÐµÑ€ Ñ„Ð°Ð¹Ð»Ð°
Folder;ÐŸÐ°Ð¿ÐºÐ°
Folder (R);ÐŸÐ°Ð¿ÐºÐ° (R)
Folder (R)_Hint;Ð’Ñ‹Ð±ÐµÑ€Ð¸Ñ‚Ðµ Ð¿Ð°Ð¿ÐºÑƒ Ð´Ð»Ñ Ð¾Ð±Ñ€Ð°Ð±Ð¾Ñ‚ÐºÐ¸ (ÑÐ¾ Ð²ÑÐµÐ¼Ð¸ Ð²Ð»Ð¾Ð¶ÐµÐ½Ð½Ñ‹Ð¼Ð¸ Ð¿Ð°Ð¿ÐºÐ°Ð¼Ð¸)
Folder (Recursively);ÐŸÐ°Ð¿ÐºÐ° (Ñ€ÐµÐºÑƒÑ€ÑÐ¸Ð²Ð½Ð¾)
Folder_Hint;ÐžÐ¿ÐµÑ€Ð°Ñ†Ð¸Ð¸ Ñ Ð¿Ð°Ð¿ÐºÐ°Ð¼Ð¸
FolderName;Ð˜Ð¼Ñ Ð¿Ð°Ð¿ÐºÐ¸
Format;Ð¤Ð¾Ñ€Ð¼Ð°Ñ‚
Format_Commercial;ÐšÐ¾Ð¼Ð¼ÐµÑ€Ñ‡ÐµÑÐºÐ¾Ðµ Ð½Ð°Ð·Ð²Ð°Ð½Ð¸Ðµ
Format_Commercial_IfAny;ÐšÐ¾Ð¼Ð¼ÐµÑ€Ñ‡ÐµÑÐºÐ¾Ðµ Ð½Ð°Ð·Ð²Ð°Ð½Ð¸Ðµ
Format_Description;ÐžÐ¿Ð¸ÑÐ°Ð½Ð¸Ðµ Ñ„Ð¾Ñ€Ð¼Ð°Ñ‚Ð°
Format_Info;ÐŸÐ¾Ð´Ñ€Ð¾Ð±Ð½Ð¾ Ð¾ Ñ„Ð¾Ñ€Ð¼Ð°Ñ‚Ðµ
Format_Profile;ÐŸÑ€Ð¾Ñ„Ð¸Ð»ÑŒ Ñ„Ð¾Ñ€Ð¼Ð°Ñ‚Ð°
Format_Settings;ÐÐ°ÑÑ‚Ñ€Ð¾Ð¹ÐºÐ¸ Ñ„Ð¾Ñ€Ð¼Ð°Ñ‚Ð°
Format_Settings_BVOP;ÐŸÐ°Ñ€Ð°Ð¼ÐµÑ‚Ñ€ BVOP Ñ„Ð¾Ñ€Ð¼Ð°Ñ‚Ð°
Format_Settings_CABAC;ÐŸÐ°Ñ€Ð°Ð¼ÐµÑ‚Ñ€ CABAC Ñ„Ð¾Ñ€Ð¼Ð°Ñ‚Ð°
Format_Settings_Emphasis;ÐÐºÑ†ÐµÐ½Ñ‚
Format_Settings_Endianness;ÐŸÐ°Ñ€Ð°Ð¼ÐµÑ‚Ñ€ Endianness Ñ„Ð¾Ñ€Ð¼Ð°Ñ‚Ð°
Format_Settings_Firm;ÐŸÐ°Ñ€Ð°Ð¼ÐµÑ‚Ñ€ Firm Ñ„Ð¾Ñ€Ð¼Ð°Ñ‚Ð°
Format_Settings_Floor;ÐŸÐ°Ñ€Ð°Ð¼ÐµÑ‚Ñ€ Floor Ñ„Ð¾Ñ€Ð¼Ð°Ñ‚Ð°
Format_Settings_FrameMode;Ð ÐµÐ¶Ð¸Ð¼ ÐºÐ°Ð´Ñ€Ð¾Ð²
Format_Settings_GMC;ÐŸÐ°Ñ€Ð°Ð¼ÐµÑ‚Ñ€ GMC Ñ„Ð¾Ñ€Ð¼Ð°Ñ‚Ð°
Format_Settings_GOP;ÐŸÐ°Ñ€Ð°Ð¼ÐµÑ‚Ñ€ GOP Ñ„Ð¾Ñ€Ð¼Ð°Ñ‚Ð°
Format_Settings_ITU;ÐŸÐ°Ñ€Ð°Ð¼ÐµÑ‚Ñ€ ITU Ñ„Ð¾Ñ€Ð¼Ð°Ñ‚Ð°
Format_Settings_Law;ÐŸÐ°Ñ€Ð°Ð¼ÐµÑ‚Ñ€ Law Ñ„Ð¾Ñ€Ð¼Ð°Ñ‚Ð°
Format_Settings_Matrix;ÐŸÐ°Ñ€Ð°Ð¼ÐµÑ‚Ñ€ Ð¼Ð°Ñ‚Ñ€Ð¸Ñ†Ñ‹ Ñ„Ð¾Ñ€Ð¼Ð°Ñ‚Ð°
Format_Settings_Matrix_Custom;Ð’Ñ‹Ð±Ð¾Ñ€Ð¾Ñ‡Ð½Ð°Ñ
Format_Settings_Matrix_Default;ÐŸÐ¾ ÑƒÐ¼Ð¾Ð»Ñ‡Ð°Ð½Ð¸ÑŽ
Format_Settings_Mode;Ð ÐµÐ¶Ð¸Ð¼
Format_Settings_ModeExtension;Ð Ð°ÑÑˆÐ¸Ñ€ÐµÐ½Ð¸Ðµ Ñ€ÐµÐ¶Ð¸Ð¼Ð°
Format_Settings_PacketBitStream;ÐŸÐ°Ñ€Ð°Ð¼ÐµÑ‚Ñ€ Ð¿Ð°ÐºÐµÑ‚Ð½Ð¾Ð³Ð¾ Ð¿Ð¾Ñ‚Ð¾ÐºÐ° Ð´Ð°Ð½Ð½Ñ‹Ñ… Ñ„Ð¾Ñ€Ð¼Ð°Ñ‚Ð°
Format_Settings_PictureStructure;
Format_Settings_PS;ÐŸÐ°Ñ€Ð°Ð¼ÐµÑ‚Ñ€ PS Ñ„Ð¾Ñ€Ð¼Ð°Ñ‚Ð°
Format_Settings_Pulldown;ÐŸÐ°Ñ€Ð°Ð¼ÐµÑ‚Ñ€ Pulldownd Ñ„Ð¾Ñ€Ð¼Ð°Ñ‚Ð°
Format_Settings_QPel;ÐŸÐ°Ñ€Ð°Ð¼ÐµÑ‚Ñ€ QPel Ñ„Ð¾Ñ€Ð¼Ð°Ñ‚Ð°
Format_Settings_RefFrames;ÐŸÐ°Ñ€Ð°Ð¼ÐµÑ‚Ñ€ ReFrames Ñ„Ð¾Ñ€Ð¼Ð°Ñ‚Ð°
Format_Settings_SBR;ÐŸÐ°Ñ€Ð°Ð¼ÐµÑ‚Ñ€ SBR Ñ„Ð¾Ñ€Ð¼Ð°Ñ‚Ð°
Format_Settings_Sign;ÐŸÐ°Ñ€Ð°Ð¼ÐµÑ‚Ñ€ Sign Ñ„Ð¾Ñ€Ð¼Ð°Ñ‚Ð°
Format_Settings_Wrapping;
Format_Url;Ð¡ÑÑ‹Ð»ÐºÐ° Ð½Ð° Ñ„Ð¾Ñ€Ð¼Ð°Ñ‚
Format_Version;Ð’ÐµÑ€ÑÐ¸Ñ Ñ„Ð¾Ñ€Ð¼Ð°Ñ‚Ð°
FpaManufacturer;
FpaPass;
FpaVersion;
FrameCount;Ð¡Ñ‡Ñ‘Ñ‚Ñ‡Ð¸Ðº ÐºÐ°Ð´Ñ€Ð¾Ð²
FrameRate;Ð§Ð°ÑÑ‚Ð¾Ñ‚Ð° ÐºÐ°Ð´Ñ€Ð¾Ð²
FrameRate_Maximum;ÐœÐ°ÐºÑÐ¸Ð¼Ð°Ð»ÑŒÐ½Ð°Ñ Ñ‡Ð°ÑÑ‚Ð¾Ñ‚Ð° ÐºÐ°Ð´Ñ€Ð¾Ð²
FrameRate_Minimum;ÐœÐ¸Ð½Ð¸Ð¼Ð°Ð»ÑŒÐ½Ð°Ñ Ñ‡Ð°ÑÑ‚Ð¾Ñ‚Ð° ÐºÐ°Ð´Ñ€Ð¾Ð²
FrameRate_Mode;Ð ÐµÐ¶Ð¸Ð¼ Ñ‡Ð°ÑÑ‚Ð¾Ñ‚Ñ‹ ÐºÐ°Ð´Ñ€Ð¾Ð²
FrameRate_Mode_CFR;ÐŸÐ¾ÑÑ‚Ð¾ÑÐ½Ð½Ñ‹Ð¹
FrameRate_Mode_VFR;ÐŸÐµÑ€ÐµÐ¼ÐµÐ½Ð½Ñ‹Ð¹
FrameRate_Nominal;ÐÐ¾Ð¼Ð¸Ð½Ð°Ð»ÑŒÐ½Ð°Ñ Ñ‡Ð°ÑÑ‚Ð¾Ñ‚Ð° ÐºÐ°Ð´Ñ€Ð¾Ð²
FrameRate_Original;Ð§Ð°ÑÑ‚Ð¾Ñ‚Ð° ÐºÐ°Ð´Ñ€Ð¾Ð² Ð² Ð¾Ñ€Ð¸Ð³Ð¸Ð½Ð°Ð»Ðµ
General;ÐžÐ±Ñ‰ÐµÐµ
Genre;Ð–Ð°Ð½Ñ€
Genre_000;Blues
Genre_001;Classic Rock
Genre_002;Country
Genre_003;Dance
Genre_004;Disco
Genre_005;Funk
Genre_006;Grunge
Genre_007;Hip-Hop
Genre_008;Jazz
Genre_009;Metal
Genre_010;New Age
Genre_011;Oldies
Genre_012;Other
Genre_013;Pop
Genre_014;R&B
Genre_015;Rap
Genre_016;Reggae
Genre_017;Rock
Genre_018;Techno
Genre_019;Industrial
Genre_020;Alternative
Genre_021;Ska
Genre_022;Death Metal
Genre_023;Pranks
Genre_024;Soundtrack
Genre_025;Euro-Techno
Genre_026;Ambient
Genre_027;Trip-Hop
Genre_028;Vocal
Genre_029;Jazz+Funk
Genre_030;Fusion
Genre_031;Trance
Genre_032;Classical
Genre_033;Instrumental
Genre_034;Acid
Genre_035;House
Genre_036;Game
Genre_037;Sound Clip
Genre_038;Gospel
Genre_039;Noise
Genre_040;AlternRock
Genre_041;Bass
Genre_042;Soul
Genre_043;Punk
Genre_044;Space
Genre_045;Meditative
Genre_046;Instrumental Pop
Genre_047;Instrumental Rock
Genre_048;Ethnic
Genre_049;Gothic
Genre_050;Darkwave
Genre_051;Techno-Industrial
Genre_052;Electronic
Genre_053;Pop-Folk
Genre_054;Eurodance
Genre_055;Dream
Genre_056;Southern Rock
Genre_057;Comedy
Genre_058;Cult
Genre_059;Gangsta
Genre_060;Top 40
Genre_061;Christian Rap
Genre_062;Pop/Funk
Genre_063;Jungle
Genre_064;Native American
Genre_065;Cabaret
Genre_066;New Wave
Genre_067;Psychadelic
Genre_068;Rave
Genre_069;Showtunes
Genre_070;Trailer
Genre_071;Lo-Fi
Genre_072;Tribal
Genre_073;Acid Punk
Genre_074;Acid Jazz
Genre_075;Polka
Genre_076;Retro
Genre_077;Musical
Genre_078;Rock & Roll
Genre_079;Hard Rock
Genre_080;Folk
Genre_081;Folk-Rock
Genre_082;National Folk
Genre_083;Swing
Genre_084;Fast Fusion
Genre_085;Bebob
Genre_086;Latin
Genre_087;Revival
Genre_088;Celtic
Genre_089;Bluegrass
Genre_090;Avantgarde
Genre_091;Gothic Rock
Genre_092;Progressive Rock
Genre_093;Psychedelic Rock
Genre_094;Symphonic Rock
Genre_095;Slow Rock
Genre_096;Big Band
Genre_097;Chorus
Genre_098;Easy Listening
Genre_099;Acoustic
Genre_100;Humour
Genre_101;Speech
Genre_102;Chanson
Genre_103;Opera
Genre_104;Chamber Music
Genre_105;Sonata
Genre_106;Symphony
Genre_107;Booty Bass
Genre_108;Primus
Genre_109;Porn Groove
Genre_110;Satire
Genre_111;Slow Jam
Genre_112;Club
Genre_113;Tango
Genre_114;Samba
Genre_115;Folklore
Genre_116;Ballad
Genre_117;Power Ballad
Genre_118;Rhythmic Soul
Genre_119;Freestyle
Genre_120;Duet
Genre_121;Punk Rock
Genre_122;Drum Solo
Genre_123;A capella
Genre_124;Euro-House
Genre_125;Dance Hall
Genre_126;Goa
Genre_127;Drum & Bass
Genre_128;Club-House
Genre_129;Hardcore
Genre_130;Terror
Genre_131;Indie
Genre_132;Britpop
Genre_133;Negerpunk
Genre_134;Polsk Punk
Genre_135;Beat
Genre_136;Christian Gangsta Rap
Genre_137;Heavy Metal
Genre_138;Black Metal
Genre_139;Crossover
Genre_140;Contemporary Christian
Genre_141;Christian Rock
Genre_142;Merengue
Genre_143;Salsa
Genre_144;Trash Metal
Genre_145;Anime
Genre_146;JPop
Genre_147;Synthpop
Genre_148;Abstract
Genre_149;Art Rock
Genre_150;Baroque
Genre_151;Bhangra
Genre_152;Big Beat
Genre_153;Breakbeat
Genre_154;Chillout
Genre_155;Downtempo
Genre_156;Dub
Genre_157;EBM
Genre_158;Eclectic
Genre_159;Electro
Genre_160;Electroclash
Genre_161;Emo
Genre_162;Experimental
Genre_163;Garage
Genre_164;Global
Genre_165;IDM
Genre_166;Illbient
Genre_167;Industro-Goth
Genre_168;Jam Band
Genre_169;Krautrock
Genre_170;Leftfield
Genre_171;Lounge
Genre_172;Math Rock
Genre_173;New Romantic
Genre_174;Nu-Breakz
Genre_175;Post-Punk
Genre_176;Post-Rock
Genre_177;Psytrance
Genre_178;Shoegaze
Genre_179;Space Rock
Genre_180;Trop Rock
Genre_181;World Music
Genre_182;Neoclassical
Genre_183;Audiobook
Genre_184;Audio Theatre
Genre_185;Neue Deutsche Welle
Genre_186;Podcast
Genre_187;Indie Rock
Genre_188;G-Funk
Genre_189;Dubstep
Genre_190;Garage Rock
Genre_191;Psybient
Go to WebSite;ÐŸÐµÑ€ÐµÐ¹Ñ‚Ð¸ Ð½Ð° ÑÐ°Ð¹Ñ‚ Ð¿Ñ€Ð¾Ð³Ñ€Ð°Ð¼Ð¼Ñ‹
Grouping;Ð“Ñ€ÑƒÐ¿Ð¿Ð¸Ñ€Ð¾Ð²Ð°Ð½Ð¸Ðµ
h; Ñ‡.
Header file;Ð¡Ð¾Ð·Ð´Ð°Ñ‚ÑŒ Ð·Ð°Ð³Ð¾Ð»Ð¾Ð²Ð¾Ðº
Height;Ð’Ñ‹ÑÐ¾Ñ‚Ð°
Height_Original;Ð’Ñ‹ÑÐ¾Ñ‚Ð° Ð¾Ñ€Ð¸Ð³Ð¸Ð½Ð°Ð»Ð°
Help;ÐŸÐ¾Ð¼Ð¾Ñ‰ÑŒ
Hint;ÐŸÐ¾Ð´ÑÐºÐ°Ð·ÐºÐ°
How many audio streams?;ÐšÐ¾Ð»Ð¸Ñ‡ÐµÑÑ‚Ð²Ð¾ Ð°ÑƒÐ´Ð¸Ð¾Ð¿Ð¾Ñ‚Ð¾ÐºÐ¾Ð²?
How many chapters streams?;ÐšÐ¾Ð»Ð¸Ñ‡ÐµÑÑ‚Ð²Ð¾ Ð¿Ð¾Ñ‚Ð¾ÐºÐ¾Ð² Ñ€Ð°Ð·Ð´ÐµÐ»Ð¾Ð²?
How many text streams?;ÐšÐ¾Ð»Ð¸Ñ‡ÐµÑÑ‚Ð²Ð¾ Ñ‚ÐµÐºÑÑ‚Ð¾Ð²Ñ‹Ñ… Ð¿Ð¾Ñ‚Ð¾ÐºÐ¾Ð²?
How many video streams?;ÐšÐ¾Ð»Ð¸Ñ‡ÐµÑÑ‚Ð²Ð¾ Ð²Ð¸Ð´ÐµÐ¾Ð¿Ð¾Ñ‚Ð¾ÐºÐ¾Ð²?
HTML;HTML
ID;Ð˜Ð´ÐµÐ½Ñ‚Ð¸Ñ„Ð¸ÐºÐ°Ñ‚Ð¾Ñ€
IdentClockStart;
Image;Ð˜Ð·Ð¾Ð±Ñ€Ð°Ð¶ÐµÐ½Ð¸Ñ
Image stream(s);ÐŸÐ¾Ñ‚Ð¾ÐºÐ¸ Ð¸Ð·Ð¾Ð±Ñ€Ð°Ð¶ÐµÐ½Ð¸Ð¹
Image_Codec_List;ÐšÐ¾Ð´ÐµÐºÐ¸ Ð¸Ð·Ð¾Ð±Ñ€Ð°Ð¶ÐµÐ½Ð¸Ð¹
ImageCount;ÐšÐ¾Ð»-Ð²Ð¾ Ð¿Ð¾Ñ‚Ð¾ÐºÐ¾Ð² Ð¸Ð·Ð¾Ð±Ñ€Ð°Ð¶ÐµÐ½Ð¸Ð¹
Info;Ð˜Ð½Ñ„Ð¾Ñ€Ð¼Ð°Ñ†Ð¸Ñ
Instruments;Ð˜Ð½ÑÑ‚Ñ€ÑƒÐ¼ÐµÐ½Ñ‚Ñ‹
Interlaced_BFF;ÐÐ¸Ð¶Ð½ÐµÐµ Ð¿Ð¾Ð»Ðµ Ð¿ÐµÑ€Ð²Ð¾Ðµ
Interlaced_Interlaced;Ð§ÐµÑ€ÐµÑÑÑ‚Ñ€Ð¾Ñ‡Ð½Ð°Ñ
Interlaced_PPF;ÐŸÑ€Ð¾Ð³Ñ€ÐµÑÑÐ¸Ð²Ð½Ð°Ñ
Interlaced_Progressive;ÐŸÑ€Ð¾Ð³Ñ€ÐµÑÑÐ¸Ð²Ð½Ð°Ñ
Interlaced_TFF;Ð’ÐµÑ€Ñ…Ð½ÐµÐµ Ð¿Ð¾Ð»Ðµ Ð¿ÐµÑ€Ð²Ð¾Ðµ
Interlacement;ÐŸÐµÑ€ÐµÐ¿Ð»ÐµÑ‚ÐµÐ½Ð¸Ðµ
Interleave_Duration;ÐŸÑ€Ð¾Ð´Ð¾Ð»Ð¶Ð¸Ñ‚ÐµÐ»ÑŒÐ½Ð¾ÑÑ‚ÑŒ Ð¿Ñ€Ð¾Ð¼ÐµÐ¶ÑƒÑ‚ÐºÐ°
Interleave_Preload;Ð’Ñ€ÐµÐ¼Ñ Ð¿Ñ€ÐµÐ´Ð·Ð°Ð³Ñ€ÑƒÐ·ÐºÐ¸ Ð¿Ñ€Ð¾Ð¼ÐµÐ¶ÑƒÑ‚ÐºÐ°
Interleave_VideoFrames;ÐŸÑ€Ð¾Ð´Ð¾Ð»Ð¶Ð¸Ñ‚ÐµÐ»ÑŒÐ½Ð¾ÑÑ‚ÑŒ Ð¿Ñ€Ð¾Ð¼ÐµÐ¶ÑƒÑ‚ÐºÐ°
Interleaved;Ð§ÐµÑ€ÐµÐ´ÑƒÑŽÑ‰Ð°ÑÑÑ
InternetMediaType;Ð˜Ð½Ñ‚ÐµÑ€Ð½ÐµÑ‚-Ñ‚Ð¸Ð¿ Ð½Ð¾ÑÐ¸Ñ‚ÐµÐ»Ñ
IRCA;IRCA
ISBN;ISBN
ISRC;ISRC
Keywords;ÐšÐ»ÑŽÑ‡ÐµÐ²Ñ‹Ðµ ÑÐ»Ð¾Ð²Ð°
Known codecs;Ð˜Ð·Ð²ÐµÑÑ‚Ð½Ñ‹Ðµ ÐºÐ¾Ð´ÐµÐºÐ¸
Known formats;Ð˜Ð·Ð²ÐµÑÑ‚Ð½Ñ‹Ðµ Ñ„Ð¾Ñ€Ð¼Ð°Ñ‚Ñ‹
Known parameters;Ð˜Ð·Ð²ÐµÑÑ‚Ð½Ñ‹Ðµ Ð¿Ð°Ñ€Ð°Ð¼ÐµÑ‚Ñ€Ñ‹
Label;ÐœÐµÑ‚ÐºÐ°
Language;Ð¯Ð·Ñ‹Ðº
Language_aa;Afar
Language_ab;Abkhazian
Language_ae;Avestan
Language_af;Afrikaans
Language_ak;Akan
Language_am;Amharic
Language_an;Aragonese
Language_ar;Arabic
Language_as;Assamese
Language_av;Avaric
Language_ay;Aymara
Language_az;Azerbaijani
Language_ba;Bashkir
Language_be;Belarusian
Language_bg;Bulgarian
Language_bh;Bihari
Language_bi;Bislama
Language_bm;Bambara
Language_bn;Bengali
Language_bo;Tibetan
Language_br;Breton
Language_bs;Bosnian
Language_ca;Catalan
Language_ce;Chechen
Language_ch;Chamorro
Language_co;Corsican
Language_cr;Cree
Language_cs;Czech
Language_cu;Slave
Language_cv;Chuvash
Language_cy;Welsh
Language_da;Danish
Language_de;German
Language_dv;Divehi
Language_dz;Dzongkha
Language_ee;Ewe
Language_el;Greek
Language_en;English
Language_en-gb;English (Great Britain)
Language_en-us;English (United States)
Language_eo;Esperanto
Language_es;Spanish
Language_et;Estonian
Language_eu;Basque
Language_fa;Persian
Language_ff;Fulah
Language_fi;Finnish
Language_fj;Fijian
Language_fo;Faroese
Language_fr;French
Language_fy;Frisian
Language_ga;Irish
Language_gd;Gaelic
Language_gl;Galician
Language_gn;Guarani
Language_gu;Gujarati
Language_gv;Manx
Language_ha;Hausa
Language_he;Hebrew
Language_hi;Hindi
Language_ho;Hiri Motu
Language_hr;Croatian
Language_ht;Haitian
Language_hu;Hungarian
Language_hy;Armenian
Language_hz;Herero
Language_ia;Auxiliary Language Association
Language_id;Indonesian
Language_ie;Interlingue
Language_ig;Igbo
Language_ii;Sichuan Yi
Language_ik;Inupiaq
Language_Info;ÐžÐ± ÑÐ·Ñ‹ÐºÐµ
Language_io;Ido
Language_is;Icelandic
Language_it;Italian
Language_iu;Inuktitut
Language_ja;Japanese
Language_jv;Javanese
Language_ka;Georgian
Language_kg;Kongo
Language_ki;Kikuyu
Language_kj;Kuanyama
Language_kk;Kazakh
Language_kl;Kalaallisut
Language_km;Khmer
Language_kn;Kannada
Language_ko;Korean
Language_kr;Kanuri
Language_ks;Kashmiri
Language_ku;Kurdish
Language_kv;Komi
Language_kw;Cornish
Language_ky;Kirghiz
Language_la;Latin
Language_lb;Luxembourgish
Language_lg;Ganda
Language_li;Limburgish
Language_ln;Lingala
Language_lo;Lao
Language_lt;Lithuanian
Language_lu;Luba-Katanga
Language_lv;Latvian
Language_mg;Malagasy
Language_mh;Marshallese
Language_mi;Maori
Language_mk;Macedonian
Language_ml;Malayalam
Language_mn;Mongolian
Language_mo;Moldavian
Language_More;Ð¯Ð·Ñ‹Ðº, Ð´Ð¾Ð¿Ð¾Ð»Ð½Ð¸Ñ‚ÐµÐ»ÑŒÐ½Ð¾
Language_mr;Marathi
Language_ms;Malay
Language_mt;Maltese
Language_mul;ÐÐµÑÐºÐ¾Ð»ÑŒÐºÐ¾ ÑÐ·Ñ‹ÐºÐ¾Ð²
Language_my;Burmese
Language_na;Nauru
Language_nb;Norwegian Bokmal
Language_nd;Ndebele
Language_ne;Nepali
Language_ng;Ndonga
Language_nl;Dutch
Language_nn;Norwegian Nynorsk
Language_no;Norwegian
Language_nr;Ndebele
Language_nv;Navaho
Language_ny;Nyanja
Language_oc;Occitan
Language_oj;Ojibwa
Language_om;Oromo
Language_or;Oriya
Language_os;Ossetic
Language_pa;Panjabi
Language_pi;Pali
Language_pl;Polish
Language_ps;Pushto
Language_pt;Portuguese
Language_pt-br;Portuguese (Brazil)
Language_qu;Quechua
Language_rm;Raeto-Romance
Language_rn;Rundi
Language_ro;Romanian
Language_ru;Russian
Language_rw;Kinyarwanda
Language_sa;Sanskrit
Language_sc;Sardinian
Language_sd;Sindhi
Language_se;Northern Sami
Language_sg;Sango
Language_si;Sinhala
Language_sk;Slovak
Language_sl;Slovenian
Language_sm;Samoan
Language_sn;Shona
Language_so;Somali
Language_sq;Albanian
Language_sr;Serbian
Language_ss;Swati
Language_st;Sotho
Language_su;Sundanese
Language_sv;Swedish
Language_sw;Swahili
Language_ta;Tamil
Language_te;Telugu
Language_tg;Tajik
Language_th;Thai
Language_ti;Tigrinya
Language_tk;Turkmen
Language_tl;Tagalog
Language_tn;Tswana
Language_to;Tonga
Language_tr;Turkish
Language_ts;Tsonga
Language_tt;Tatar
Language_tw;Twi
Language_ty;Tahitian
Language_ug;Uighur
Language_uk;Ukrainian
Language_ur;Urdu
Language_uz;Uzbek
Language_ve;Venda
Language_vi;Vietnamese
Language_vo;Volapuk
Language_wa;Walloon
Language_wo;Wolof
Language_xh;Xhosa
Language_yi;Yiddish
Language_yo;Yoruba
Language_za;Zhuang
Language_zh;Chinese
Language_zh-cn;Chinese (China)
Language_zh-tw;Chinese (Taiwan)
Language_zu;Zulu
LawRating;ÐžÐ³Ñ€Ð°Ð½Ð¸Ñ‡ÐµÐ½Ð¸Ñ Ð¿Ñ€Ð°Ð²
LCCN;LCCN
Library;Ð‘Ð¸Ð±Ð»Ð¸Ð¾Ñ‚ÐµÐºÐ° ÑÐ¼ÐµÑˆÐ¸Ð²Ð°Ð½Ð¸Ñ
Lightness;Ð¯ÐºÑ€Ð¾ÑÑ‚ÑŒ
LineUpStart;
List;Ð¡Ð¿Ð¸ÑÐ¾Ðº
Lyricist;ÐŸÐ¾ÑÑ‚-Ð¿ÐµÑÐµÐ½Ð½Ð¸Ðº
Lyrics;Ð¢ÐµÐºÑÑ‚ Ð¿ÐµÑÐµÐ½
Mastered_Date;Ð”Ð°Ñ‚Ð° Ð¼Ð°ÑÑ‚ÐµÑ€Ð¸Ð½Ð³Ð°
MasteredBy;ÐœÐ°ÑÑ‚ÐµÑ€Ð¸Ð½Ð³ Ð¿Ñ€Ð¾Ð¸Ð·Ð²Ñ‘Ð»
Matrix_Channel(s);
Matrix_ChannelPositions;
matrix_coefficients;ÐšÐ¾ÑÑ„Ñ„Ð¸Ñ†Ð¸ÐµÐ½Ñ‚Ñ‹ Ð¼Ð°Ñ‚Ñ€Ð¸Ñ†Ñ‹
Matrix_Format;
MediaInfo_About;ÐžÑ‚Ð¾Ð±Ñ€Ð°Ð¶Ð°ÐµÑ‚ Ð´ÐµÑ‚Ð°Ð»ÑŒÐ½ÑƒÑŽ Ð¸Ð½Ñ„Ð¾Ñ€Ð¼Ð°Ñ†Ð¸ÑŽ\r\nÐ¾ Ð¼ÑƒÐ»ÑŒÑ‚Ð¸Ð¼ÐµÐ´Ð¸Ð°-Ñ„Ð°Ð¹Ð»Ð°Ñ… Matroska, OGG (Ð²ÐºÐ»ÑŽÑ‡Ð°Ñ OGM)\r\nMPEG1 (Ð²ÐºÐ»ÑŽÑ‡Ð°Ñ VCD), MPEG2 (Ð²ÐºÐ»ÑŽÑ‡Ð°Ñ DVD Ð¸ SVCD), MPEG4 (Ð²ÐºÐ»ÑŽÑ‡Ð°Ñ iTunes M4A)\r\nQuicktime\r\nRealMedia\r\nWindowsMedia (Ð²ÐºÐ»ÑŽÑ‡Ð°Ñ WMV, WMA)\r\nMicrosoft RIFF (Ð²ÐºÐ»ÑŽÑ‡Ð°Ñ AVI, WAV, DivX)\r\nÐ·Ð²ÑƒÐºÐ¾Ð²Ñ‹Ñ… Ñ„Ð¾Ñ€Ð¼Ð°Ñ‚Ð°Ñ… (AC3, DTS, SSC, AU, AIFF)
Menu;ÐœÐµÐ½ÑŽ
Menu stream(s);ÐœÐµÐ½ÑŽ Ð¿Ð¾Ñ‚Ð¾ÐºÐ¾Ð²
Menu_Codec_List;ÐœÐµÐ½ÑŽ ÐºÐ¾Ð´ÐµÐºÐ¾Ð²
Menu_Hint;Ð”Ð¾Ð¿Ð¾Ð»Ð½Ð¸Ñ‚ÐµÐ»ÑŒÐ½Ñ‹Ðµ Ð²Ð¾Ð·Ð¼Ð¾Ð¶Ð½Ð¾ÑÑ‚Ð¸
Menu_No;ÐÐµÑ‚ Ð¼ÐµÐ½ÑŽ
MenuCount;ÐšÐ¾Ð»-Ð²Ð¾ Ð¿Ð¾Ñ‚Ð¾ÐºÐ¾Ð² Ð¼ÐµÐ½ÑŽ
MenuID;Ð˜Ð´ÐµÐ½Ñ‚Ð¸Ñ„Ð¸ÐºÐ°Ñ‚Ð¾Ñ€ Ð¼ÐµÐ½ÑŽ
mn; Ð¼.
Mood;ÐÐ°ÑÑ‚Ñ€Ð¾ÐµÐ½Ð¸Ðµ
More;Ð•Ñ‰Ñ‘
Movie;ÐÐ°Ð·Ð²Ð°Ð½Ð¸Ðµ Ñ„Ð¸Ð»ÑŒÐ¼Ð°
ms; Ð¼Ñ.
MSDI;MSDI
MusicBy;ÐšÐ¾Ð¼Ð¿Ð¾Ð·Ð¸Ñ‚Ð¾Ñ€
MuxingMode;Ð ÐµÐ¶Ð¸Ð¼ ÑÐ¼ÐµÑˆÐ¸Ð²Ð°Ð½Ð¸Ñ
MuxingMode_MoreInfo;Ð ÐµÐ¶Ð¸Ð¼ ÑÐ¼ÐµÑˆÐ¸Ð²Ð°Ð½Ð¸Ñ, Ð´Ð¾Ð¿. Ð¸Ð½Ñ„Ð¾Ñ€Ð¼Ð°Ñ†Ð¸Ñ
MuxingMode_PackedBitstream;Ð¡Ð¶Ð°Ñ‚Ñ‹Ð¹ Ð±Ð¸Ñ‚Ð¾Ð²Ñ‹Ð¹ Ð¿Ð¾Ñ‚Ð¾Ðº
Name;Ð˜Ð¼Ñ
Nationality;ÐÐ°Ñ†Ð¸Ð¾Ð½Ð°Ð»ÑŒÐ½Ð¾ÑÑ‚ÑŒ
NetworkName;ÐÐ°Ð·Ð²Ð°Ð½Ð¸Ðµ ÑÐµÑ‚Ð¸
New;ÐÐ¾Ð²Ñ‹Ð¹
Newest version;ÐŸÑ€Ð¾Ð²ÐµÑ€ÑÑ‚ÑŒ Ð½Ð° Ð¾Ð±Ð½Ð¾Ð²Ð»ÐµÐ½Ð¸Ðµ (Ñ‚Ñ€ÐµÐ±ÑƒÐµÑ‚ÑÑ Ð¿Ð¾Ð´ÐºÐ»ÑŽÑ‡ÐµÐ½Ð¸Ðµ Ðº Ð¸Ð½Ñ‚ÐµÑ€Ð½ÐµÑ‚Ñƒ)
NewVersion_Menu;Ð”Ð¾ÑÑ‚ÑƒÐ¿Ð½Ð° Ð½Ð¾Ð²Ð°Ñ Ð²ÐµÑ€ÑÐ¸Ñ
NewVersion_Question_Content;Ð”Ð¾ÑÑ‚ÑƒÐ¿Ð½Ð° Ð½Ð¾Ð²Ð°Ñ Ð²ÐµÑ€ÑÐ¸Ñ %Version%, Ñ…Ð¾Ñ‚Ð¸Ñ‚Ðµ ÑÐºÐ°Ñ‡Ð°Ñ‚ÑŒ ÐµÑ‘?
NewVersion_Question_Title;Ð’Ñ‹Ð¿ÑƒÑ‰ÐµÐ½Ð° Ð½Ð¾Ð²Ð°Ñ Ð²ÐµÑ€ÑÐ¸Ñ!
No;ÐÐµÑ‚
Not yet;Ð•Ñ‰Ñ‘ Ð½ÐµÑ‚
NumColors;ÐšÐ¾Ð»Ð¸Ñ‡ÐµÑÑ‚Ð²Ð¾ Ñ†Ð²ÐµÑ‚Ð¾Ð²
OK;OK
One output file per input file;ÐÐ¾Ð²Ñ‹Ð¹ Ñ„Ð°Ð¹Ð» Ð´Ð»Ñ ÐºÐ°Ð¶Ð´Ð¾Ð³Ð¾ Ð¸ÑÑ…Ð¾Ð´Ð½Ð¾Ð³Ð¾
Open;ÐžÑ‚ÐºÑ€Ñ‹Ñ‚ÑŒ
OpenCandy_01;Ð—Ð°Ð³Ñ€ÑƒÐ¶Ð°ÐµÑ‚ÑÑ ________
OpenCandy_02;__% Ð²Ñ‹Ð¿Ð¾Ð»Ð½ÐµÐ½Ð¾
OpenCandy_03;Ð’Ñ‹Ñ…Ð¾Ð´ Ð² Ð¸Ð½Ñ‚ÐµÑ€Ð½ÐµÑ‚ Ð½ÐµÐ²Ð¾Ð·Ð¼Ð¾Ð¶ÐµÐ½
OpenCandy_04;________ ÑÐºÐ°Ñ‡Ð°Ð½Ð¾
OpenCandy_05;Ð©Ñ‘Ð»ÐºÐ½Ð¸Ñ‚Ðµ Ð´Ð»Ñ ÑƒÑÑ‚Ð°Ð½Ð¾Ð²ÐºÐ¸ ________
OpenCandy_06;Ð’Ñ‹ Ð´ÐµÐ¹ÑÑ‚Ð²Ð¸Ñ‚ÐµÐ»ÑŒÐ½Ð¾ Ñ…Ð¾Ñ‚Ð¸Ñ‚Ðµ Ð¿Ñ€ÐµÑ€Ð²Ð°Ñ‚ÑŒ ÑƒÑÑ‚Ð°Ð½Ð¾Ð²ÐºÑƒ?\r\nÐ•ÑÐ»Ð¸ Ð²Ñ‹ Ñ…Ð¾Ñ‚Ð¸Ñ‚Ðµ Ð¾Ñ‚Ð»Ð¾Ð¶Ð¸Ñ‚ÑŒ ÑƒÑÑ‚Ð°Ð½Ð¾Ð²ÐºÑƒ, Ð²Ñ‹Ð±ÐµÑ€Ð¸Ñ‚Ðµ 'ÐÐµÑ‚'.\r\nÐŸÑ€Ð¸Ð¼.: Ð’Ñ‹ Ð¼Ð¾Ð¶ÐµÑ‚Ðµ Ð²Ñ‹Ð±Ñ€Ð°Ñ‚ÑŒ Ð’Ñ‹Ð¹Ñ‚Ð¸ Ð¸Ð· Ð¼ÐµÐ½ÑŽ, Ñ‡Ñ‚Ð¾Ð±Ñ‹ Ð¾Ñ‚Ð»Ð¾Ð¶Ð¸Ñ‚ÑŒ ÑƒÑÑ‚Ð°Ð½Ð¾Ð²ÐºÑƒ Ð´Ð¾ ÑÐ»ÐµÐ´ÑƒÑŽÑ‰ÐµÐ¹ Ð¿ÐµÑ€ÐµÐ·Ð°Ð³Ñ€ÑƒÐ·ÐºÐ¸.
OpenCandy_07;Ð—Ð°Ð³Ñ€ÑƒÐ·ÐºÐ° ________ Ð±Ñ‹Ð»Ð° Ð¿Ñ€Ð¸Ð¾ÑÑ‚Ð°Ð½Ð¾Ð²Ð»ÐµÐ½Ð°.\r\nÐ©Ñ‘Ð»ÐºÐ½Ð¸Ñ‚Ðµ Ð¿Ð¾ Ð·Ð½Ð°Ñ‡ÐºÑƒ Ð² Ñ‚Ñ€ÐµÐµ Ð´Ð»Ñ Ð²Ð¾Ð·Ð¾Ð±Ð½Ð¾Ð²Ð»ÐµÐ½Ð¸Ñ Ð·Ð°Ð³Ñ€ÑƒÐ·ÐºÐ¸.
OpenCandy_08;ÐžÐ±Ð½Ð°Ñ€ÑƒÐ¶ÐµÐ½Ð° ÐºÑ€Ð¸Ñ‚Ð¸Ñ‡ÐµÑÐºÐ°Ñ Ð¾ÑˆÐ¸Ð±ÐºÐ°. Ð£ÑÑ‚Ð°Ð½Ð¾Ð²ÐºÐ° _________ Ð±ÑƒÐ´ÐµÑ‚ Ð¿Ñ€ÐµÑ€Ð²Ð°Ð½Ð°.
OpenCandy_09;ÐŸÑ€Ð¸Ð¾ÑÑ‚Ð°Ð½Ð¾Ð²Ð¸Ñ‚ÑŒ Ð·Ð°Ð³Ñ€ÑƒÐ·ÐºÑƒ
OpenCandy_10;ÐžÑ‚Ð¼ÐµÐ½Ð¸Ñ‚ÑŒ ÑƒÑÑ‚Ð°Ð½Ð¾Ð²ÐºÑƒ
OpenCandy_11;ÐŸÑ€Ð¾Ð´Ð¾Ð»Ð¶Ð¸Ñ‚ÑŒ Ð·Ð°Ð³Ñ€ÑƒÐ·ÐºÑƒ
OpenCandy_12;Ð’Ñ‹Ð¹Ñ‚Ð¸ Ð¸Ð· ÑƒÑÑ‚Ð°Ð½Ð¾Ð²ÐºÐ¸
OpenCandy_13;___________ - Ñ€ÐµÐºÐ¾Ð¼ÐµÐ½Ð´Ð¾Ð²Ð°Ð½Ð¾ ____________
OpenCandy_14;Ð—Ð°Ð³Ñ€ÑƒÐ¶Ð°ÐµÑ‚ÑÑ _________
OpenCandy_15;___________, Ð¿Ñ€Ð¾Ð³Ñ€Ð°Ð¼Ð¼Ð°, Ñ€ÐµÐºÐ¾Ð¼ÐµÐ½Ð´Ð¾Ð²Ð°Ð½Ð½Ð°Ñ ___________, ÑÐµÐ¹Ñ‡Ð°Ñ Ð·Ð°Ð³Ñ€ÑƒÐ¶Ð°ÐµÑ‚ÑÑ Ð¿Ð¾ Ð’Ð°ÑˆÐµÐ¼Ñƒ Ð·Ð°Ð¿Ñ€Ð¾ÑÑƒ. ÐœÑ‹ Ð´Ð°Ð´Ð¸Ð¼ Ð·Ð½Ð°Ñ‚ÑŒ, ÐºÐ¾Ð³Ð´Ð° Ð¾Ð½Ð° Ð±ÑƒÐ´ÐµÑ‚ Ð³Ð¾Ñ‚Ð¾Ð²Ð° Ð´Ð»Ñ ÑƒÑÑ‚Ð°Ð½Ð¾Ð²ÐºÐ¸.
OpenCandy_16;___________ Ð³Ð¾Ñ‚Ð¾Ð²Ð° Ð´Ð»Ñ ÑƒÑÑ‚Ð°Ð½Ð¾Ð²ÐºÐ¸
OpenCandy_17;___________ Ð¿Ð¾Ð»Ð½Ð¾ÑÑ‚ÑŒÑŽ Ð·Ð°Ð³Ñ€ÑƒÐ¶ÐµÐ½Ð°. ÐÐ°Ð¶Ð¼Ð¸Ñ‚Ðµ 'Ð£ÑÑ‚Ð°Ð½Ð¾Ð²ÐºÐ°' Ð´Ð»Ñ Ð½Ð°Ñ‡Ð°Ð»Ð° Ð¿Ñ€Ð¾Ñ†ÐµÑÑÐ°.
OpenCandy_18;___________ Ð¸Ð· ___________ Ð·Ð°Ð³Ñ€ÑƒÐ¶ÐµÐ½Ð¾
OpenCandy_19;ÐŸÑ€Ð¸ ÑÐ¾Ð´ÐµÐ¹ÑÑ‚Ð²Ð¸Ð¸ OpenCandy
OpenCandy_20;Ð”Ð¾Ð¿Ð¾Ð»Ð½Ð¸Ñ‚ÐµÐ»ÑŒÐ½Ð°Ñ Ð¸Ð½Ñ„Ð¾Ñ€Ð¼Ð°Ñ†Ð¸Ñ Ð½Ð° OpenCandy.com
OpenCandy_21;Ð£ÑÑ‚Ð°Ð½Ð¾Ð²ÐºÐ°
OpenCandy_22;Ð£ÑÑ‚Ð°Ð½Ð¾Ð²ÐºÐ° ___________
OpenCandy_23;Ð­Ñ‚Ð¾ Ð¿Ñ€ÐµÑ€Ð²Ñ‘Ñ‚ ÑƒÑÑ‚Ð°Ð½Ð¾Ð²ÐºÑƒ ___________\r\nÐ’Ñ‹ Ð´ÐµÐ¹ÑÑ‚Ð²Ð¸Ñ‚ÐµÐ»ÑŒÐ½Ð¾ Ñ…Ð¾Ñ‚Ð¸Ñ‚Ðµ Ð²Ñ‹Ð¹Ñ‚Ð¸?
OpenCandy_24;ÐŸÐ°ÑƒÐ·Ð°
OpenCandy_25;Ð—Ð°Ð³Ñ€ÑƒÐ·ÐºÐ° Ð±Ñ‹Ð»Ð° Ð¿Ñ€Ð¸Ð¾ÑÑ‚Ð°Ð½Ð¾Ð²Ð»ÐµÐ½Ð°. ÐÐ°Ð¶Ð¼Ð¸Ñ‚Ðµ 'ÐŸÑ€Ð¾Ð´Ð¾Ð»Ð¶Ð¸Ñ‚ÑŒ' Ð´Ð»Ñ Ð²Ð¾Ð·Ð¾Ð±Ð½Ð¾Ð²Ð»ÐµÐ½Ð¸Ñ.
OpenCandy_26;ÐŸÑ€Ð¾Ð´Ð¾Ð»Ð¶Ð¸Ñ‚ÑŒ
OpenCandy_27;Ð£ÑÑ‚Ð°Ð½Ð¾Ð²ÐºÐ°
OpenCandy_28;ÐŸÑ€Ð¸Ð¾ÑÑ‚Ð°Ð½Ð¾Ð²Ð¸Ñ‚ÑŒ Ð·Ð°Ð³Ñ€ÑƒÐ·ÐºÑƒ
OpenCandy_29;ÐŸÑ€Ð¾Ð´Ð¾Ð»Ð¶Ð¸Ñ‚ÑŒ Ð·Ð°Ð³Ñ€ÑƒÐ·ÐºÑƒ
OpenCandy_30;ÐžÑ‚Ð¼ÐµÐ½Ð¸Ñ‚ÑŒ ÑƒÑÑ‚Ð°Ð½Ð¾Ð²ÐºÑƒ
OpenCandy_31;Ð’Ñ‹Ð±ÐµÑ€Ð¸Ñ‚Ðµ Ð¿Ð°Ñ€Ð°Ð¼ÐµÑ‚Ñ€Ñ‹ ÑƒÑÑ‚Ð°Ð½Ð¾Ð²ÐºÐ¸
OpenCandy_32;Ð£ÑÑ‚Ð°Ð½Ð¾Ð²ÐºÐ° ___________
OpenCandy_33;ÐÐµ ÑƒÑÑ‚Ð°Ð½Ð°Ð²Ð»Ð¸Ð²Ð°Ñ‚ÑŒ
OpenCandy_34;Ð’Ñ‹Ð±ÐµÑ€Ð¸Ñ‚Ðµ Ð¿Ð°Ñ€Ð°Ð¼ÐµÑ‚Ñ€Ñ‹ ÑƒÑÑ‚Ð°Ð½Ð¾Ð²ÐºÐ¸
OpenCandy_35;______ Ñ€ÐµÐºÐ¾Ð¼ÐµÐ½Ð´ÑƒÐµÐ¼Ð°Ñ Ð¿Ñ€Ð¾Ð³Ñ€Ð°Ð¼Ð¼Ð°
OpenCandy_36;Ð’Ð°ÑˆÐ° Ñ‚ÐµÐºÑƒÑ‰Ð°Ñ ÑƒÑÑ‚Ð°Ð½Ð¾Ð²ÐºÐ° Ð½Ðµ Ð±ÑƒÐ´ÐµÑ‚ Ð¿Ñ€ÐµÑ€Ñ‹Ð²Ð°Ñ‚ÑŒÑÑ
OpenCaptionsLanguage;
OpenCaptionsPresent;
OpenCaptionsType;
Options;ÐŸÐ°Ñ€Ð°Ð¼ÐµÑ‚Ñ€Ñ‹
Options_Hint;ÐÐ°ÑÑ‚Ñ€Ð¾Ð¹ÐºÐ¸ Ð¿Ñ€Ð¾Ð³Ñ€Ð°Ð¼Ð¼Ñ‹
Original;ÐžÑ€Ð¸Ð³Ð¸Ð½Ð°Ð»
OriginalNetworkName;ÐžÑ€Ð¸Ð³Ð¸Ð½Ð°Ð»ÑŒÐ½Ð¾Ðµ Ð½Ð°Ð·Ð²Ð°Ð½Ð¸Ðµ ÑÐµÑ‚Ð¸
OriginalSourceForm;Ð¤Ð¾Ñ€Ð¼Ð°Ñ‚ Ð¾Ñ€Ð¸Ð³Ð¸Ð½Ð°Ð»Ð°
OriginalSourceMedium;ÐÐ¾ÑÐ¸Ñ‚ÐµÐ»ÑŒ Ð¾Ñ€Ð¸Ð³Ð¸Ð½Ð°Ð»Ð°
Originator;
Other;ÐŸÑ€Ð¾Ñ‡ÐµÐµ
OtherIdentifier;
OtherIdentifierType;
Output;Ð’Ñ‹Ð²Ð¾Ð´
Output format;Ð¤Ð¾Ñ€Ð¼Ð°Ñ‚ Ð²Ñ‹Ð²Ð¾Ð´Ð°
OverallBitRate;ÐžÐ±Ñ‰Ð¸Ð¹ Ð¿Ð¾Ñ‚Ð¾Ðº
OverallBitRate_Maximum;ÐœÐ°ÐºÑÐ¸Ð¼Ð°Ð»ÑŒÐ½Ñ‹Ð¹ Ð¾Ð±Ñ‰Ð¸Ð¹ Ð±Ð¸Ñ‚Ñ€ÐµÐ¹Ñ‚
OverallBitRate_Minimum;ÐœÐ¸Ð½Ð¸Ð¼Ð°Ð»ÑŒÐ½Ñ‹Ð¹ Ð¾Ð±Ñ‰Ð¸Ð¹ Ð±Ð¸Ñ‚Ñ€ÐµÐ¹Ñ‚
OverallBitRate_Mode;Ð ÐµÐ¶Ð¸Ð¼ Ð¾Ð±Ñ‰ÐµÐ³Ð¾ Ð±Ð¸Ñ‚Ñ€ÐµÐ¹Ñ‚Ð°
OverallBitRate_Nominal;ÐÐ¾Ð¼Ð¸Ð½Ð°Ð»ÑŒÐ½Ñ‹Ð¹ Ð¾Ð±Ñ‰Ð¸Ð¹ Ð±Ð¸Ñ‚Ñ€ÐµÐ¹Ñ‚
Part;Ð§Ð°ÑÑ‚ÑŒ
Part_Count;ÐšÐ¾Ð»-Ð²Ð¾ Ñ‡Ð°ÑÑ‚ÐµÐ¹
PartNumber;
PartTotal;
Performer;Ð˜ÑÐ¿Ð¾Ð»Ð½Ð¸Ñ‚ÐµÐ»ÑŒ
Period;ÐŸÐµÑ€Ð¸Ð¾Ð´
Phone;Ð¢ÐµÐ»ÐµÑ„Ð¾Ð½
PictureRatio;
PixelAspectRatio;ÐŸÑ€Ð¾Ð¿Ð¾Ñ€Ñ†Ð¸Ð¸ Ð¿Ð¸ÐºÑÐµÐ»Ñ
PixelAspectRatio_Original;ÐŸÑ€Ð¾Ð¿Ð¾Ñ€Ñ†Ð¸Ð¸ Ð¿Ð¸ÐºÑÐµÐ»Ñ Ð² Ð¾Ñ€Ð¸Ð³Ð¸Ð½Ð°Ð»Ðµ
PlayCounter;Ð¡Ñ‡Ñ‘Ñ‚Ñ‡Ð¸Ðº Ð²Ð¾ÑÐ¿Ñ€Ð¾Ð¸Ð·Ð²ÐµÐ´ÐµÐ½Ð¸Ñ
Played_Count;Ð’Ð¾ÑÐ¿Ñ€Ð¾Ð¸Ð·Ð²ÐµÐ´ÐµÐ½Ð¾ Ñ€Ð°Ð·
Played_First_Date;ÐŸÐµÑ€Ð²Ð¾Ðµ Ð²Ð¾ÑÐ¿Ñ€Ð¾Ð¸Ð·Ð²ÐµÐ´ÐµÐ½Ð¸Ðµ
Played_Last_Date;ÐŸÐ¾ÑÐ»ÐµÐ´Ð½ÐµÐµ Ð²Ð¾ÑÐ¿Ñ€Ð¾Ð¸Ð·Ð²ÐµÐ´ÐµÐ½Ð¸Ðµ
PlayTime;Ð”Ð»Ð¸Ñ‚ÐµÐ»ÑŒÐ½Ð¾ÑÑ‚ÑŒ
Position;ÐŸÐ¾Ð»Ð¾Ð¶ÐµÐ½Ð¸Ðµ
Position_Total;Ð’ÑÐµÐ³Ð¾
Preferences;ÐÐ°ÑÑ‚Ñ€Ð¾Ð¹ÐºÐ¸
PrimaryAudioLanguage;
Producer;ÐŸÑ€Ð¾Ð´ÑŽÑÐµÑ€
ProductionDesigner;Ð¥ÑƒÐ´Ð¾Ð¶Ð½Ð¸Ðº-Ð¿Ð¾ÑÑ‚Ð°Ð½Ð¾Ð²Ñ‰Ð¸Ðº
ProductionNumber;
ProductionStudio;Ð¡Ñ‚ÑƒÐ´Ð¸Ñ-Ð¿Ñ€Ð¾Ð¸Ð·Ð²Ð¾Ð´Ð¸Ñ‚ÐµÐ»ÑŒ
ProductPlacement;
ProgrammeHasText;
ProgrammeTextLanguage;
ProgrammeTitle;
Publisher;Ð˜Ð·Ð´Ð°Ñ‚ÐµÐ»ÑŒ
Purchased_Date;Ð”Ð°Ñ‚Ð° Ð¿Ð¾ÐºÑƒÐ¿ÐºÐ¸
Quote character;Ð¡Ð¸Ð¼Ð²Ð¾Ð» ÐºÐ°Ð²Ñ‹Ñ‡ÐµÐº
RadioStation;Ð Ð°Ð´Ð¸Ð¾ÑÑ‚Ð°Ð½Ñ†Ð¸Ñ
Rating;Ð ÐµÐ¹Ñ‚Ð¸Ð½Ð³
Recorded_Date;Ð”Ð°Ñ‚Ð° Ð·Ð°Ð¿Ð¸ÑÐ¸
Recorded_Location;ÐœÐµÑÑ‚Ð¾ Ð·Ð°Ð¿Ð¸ÑÐ¸
Released_Date;Ð”Ð°Ñ‚Ð° Ð²Ñ‹Ð¿ÑƒÑÐºÐ°
RemixedBy;Ð ÐµÐ¼Ð¸ÐºÑ Ð²Ñ‹Ð¿Ð¾Ð»Ð½Ð¸Ð»
ReplayGain_Gain;ÐÐ¾Ñ€Ð¼Ð°Ð»Ð¸Ð·Ð°Ñ‚Ð¾Ñ€ Ð·Ð²ÑƒÐºÐ°
ReplayGain_Peak;ÐŸÐ¸Ðº Ð½Ð¾Ñ€Ð¼Ð°Ð»Ð¸Ð·Ð°Ñ‚Ð¾Ñ€ Ð·Ð²ÑƒÐºÐ°
Resolution;Ð Ð°Ð·Ñ€ÐµÑˆÐµÐ½Ð¸Ðµ
s; Ñ.
SamplingCount;ÐšÐ¾Ð»Ð¸Ñ‡ÐµÑÑ‚Ð²Ð¾ Ð¾Ð±Ñ€Ð°Ð·Ñ†Ð¾Ð²
SamplingRate;Ð§Ð°ÑÑ‚Ð¾Ñ‚Ð°
Save;Ð¡Ð¾Ñ…Ñ€Ð°Ð½Ð¸Ñ‚ÑŒ
ScanOrder;ÐŸÐ¾Ñ€ÑÐ´Ð¾Ðº Ñ€Ð°Ð·Ð²Ñ‘Ñ€Ñ‚ÐºÐ¸
ScanOrder_Original;ÐŸÐ¾Ñ€ÑÐ´Ð¾Ðº Ñ€Ð°Ð·Ð²Ñ‘Ñ€Ñ‚ÐºÐ¸ Ð² Ð¾Ñ€Ð¸Ð³Ð¸Ð½Ð°Ð»Ðµ
ScanOrder_Stored;Ð¡Ð¾Ñ…Ñ€Ð°Ð½Ñ‘Ð½Ð½Ñ‹Ð¹ Ð¿Ð¾Ñ€ÑÐ´Ð¾Ðº Ñ€Ð°Ð·Ð²Ñ‘Ñ€Ñ‚ÐºÐ¸
ScanOrder_StoredDisplayedInverted;ÐŸÐ¾Ñ€ÑÐ´Ð¾Ðº Ñ€Ð°Ð·Ð²Ñ‘Ñ€Ñ‚ÐºÐ¸, ÑÐ¾Ñ…Ñ€Ð°Ð½Ñ‘Ð½Ð½Ñ‹Ð¹ Ð² Ð¾Ð±Ñ€Ð°Ñ‚Ð½Ð¾Ð¼ Ð¿Ð¾Ñ€ÑÐ´ÐºÐµ
ScanOrder_StoreMethod;
ScanType;Ð¢Ð¸Ð¿ Ñ€Ð°Ð·Ð²Ñ‘Ñ€Ñ‚ÐºÐ¸
ScanType_Original;Ð¢Ð¸Ð¿ Ñ€Ð°Ð·Ð²Ñ‘Ñ€Ñ‚ÐºÐ¸ Ð² Ð¾Ñ€Ð¸Ð³Ð¸Ð½Ð°Ð»Ðµ
ScanType_StoreMethod;
ScreenplayBy;Ð¡Ñ†ÐµÐ½Ð°Ñ€Ð¸ÑÑ‚
Season;Ð¡ÐµÐ·Ð¾Ð½
SecondaryAudioLanguage;
see below;ÑÐ¼. Ð½Ð¸Ð¶Ðµ
Send HeaderFile;ÐžÑ‚Ð¿Ñ€Ð°Ð²Ð¸Ñ‚ÑŒ Ð·Ð°Ð³Ð¾Ð»Ð¾Ð²Ð¾Ðº ÑÑ‚Ð¾Ð³Ð¾ Ñ„Ð°Ð¹Ð»Ð° Ð½Ð° http://sourceforge.net/projects/mediainfo/ (Ð Ð°Ð·Ð´ÐµÐ» Ð¾ÑˆÐ¸Ð±Ð¾Ðº)
Separator_Columns;Ð Ð°Ð·Ð´ÐµÐ»Ð¸Ñ‚ÐµÐ»ÑŒ ÑÑ‚Ð¾Ð»Ð±Ñ†Ð¾Ð²
Separator_Lines;Ð Ð°Ð·Ð´ÐµÐ»Ð¸Ñ‚ÐµÐ»ÑŒ ÑÑ‚Ñ€Ð¾Ðº
SerieTitle;
ServiceChannel;ÐÐ¾Ð¼ÐµÑ€ ÐºÐ°Ð½Ð°Ð»Ð° ÑÐµÑ€Ð²Ð¸ÑÐ°
ServiceName;ÐÐ°Ð·Ð²Ð°Ð½Ð¸Ðµ ÑÐµÑ€Ð²Ð¸ÑÐ°
ServiceProvider;ÐŸÐ¾ÑÑ‚Ð°Ð²Ñ‰Ð¸Ðº ÑÐµÑ€Ð²Ð¸ÑÐ°
ServiceType;Ð¢Ð¸Ð¿ ÑÐµÑ€Ð²Ð¸ÑÐ°
Set;Ð£ÑÑ‚Ð°Ð½Ð¾Ð²ÐºÐ°
Set_Count;ÐšÐ¾Ð»-Ð²Ð¾ ÑƒÑÑ‚Ð°Ð½Ð¾Ð²Ð¾Ðº
Setup;ÐÐ°ÑÑ‚Ñ€Ð¾Ð¹ÐºÐ°
Sharpness;Ð ÐµÐ·ÐºÐ¾ÑÑ‚ÑŒ
Sheet;Ð¢Ð°Ð±Ð»Ð¸Ñ†Ð°
Sheet (Complete);Ð¢Ð°Ð±Ð»Ð¸Ñ†Ð° (Ð¿Ð¾Ð»Ð½Ð°Ñ)
Shell extension;Ð Ð°ÑÑˆÐ¸Ñ€ÐµÐ½Ð¸Ðµ ÐŸÑ€Ð¾Ð²Ð¾Ð´Ð½Ð¸ÐºÐ° (Ð¿ÑƒÐ½ÐºÑ‚ Ð² Ð¼ÐµÐ½ÑŽ Ð¿Ð¾ Ð¿Ñ€Ð°Ð²Ð¾Ð¹ ÐºÐ½Ð¾Ð¿ÐºÐµ)
Shell extension, folder;Ð Ð°ÑÑˆÐ¸Ñ€ÐµÐ½Ð¸Ðµ ÐŸÑ€Ð¾Ð²Ð¾Ð´Ð½Ð¸ÐºÐ° Ð´Ð»Ñ Ð¿Ð°Ð¿Ð¾Ðº
Shell InfoTip;Ð’ÑÐ¿Ð»Ñ‹Ð²Ð°ÑŽÑ‰Ð°Ñ Ð¿Ð¾Ð´ÑÐºÐ°Ð·ÐºÐ° Ð² ÐŸÑ€Ð¾Ð²Ð¾Ð´Ð½Ð¸ÐºÐµ
ShimName;
Show menu;ÐŸÐ¾ÐºÐ°Ð·Ñ‹Ð²Ð°Ñ‚ÑŒ Ð¼ÐµÐ½ÑŽ
Show toolbar;ÐŸÐ¾ÐºÐ°Ð·Ñ‹Ð²Ð°Ñ‚ÑŒ Ð¿Ð°Ð½ÐµÐ»ÑŒ
SigningPresent;
SignLanguage;
Sort;Ð¡Ð¾Ñ€Ñ‚Ð¸Ñ€Ð¾Ð²Ð°Ñ‚ÑŒ Ð¿Ð¾
SoundEngineer;Ð—Ð²ÑƒÐºÐ¾Ñ€ÐµÐ¶Ð¸ÑÑÑ‘Ñ€
Source;ÐžÑ€Ð¸Ð³Ð¸Ð½Ð°Ð»
Source_Duration;ÐŸÑ€Ð¾Ð´Ð¾Ð»Ð¶Ð¸Ñ‚ÐµÐ»ÑŒÐ½Ð¾ÑÑ‚ÑŒ Ð¾Ñ€Ð¸Ð³Ð¸Ð½Ð°Ð»Ð°
Source_FrameCount;ÐšÐ¾Ð»Ð¸Ñ‡ÐµÑÑ‚Ð²Ð¾ ÐºÐ°Ð´Ñ€Ð¾Ð² Ð¾Ñ€Ð¸Ð³Ð¸Ð½Ð°Ð»Ð°
Source_SamplingCount;ÐšÐ¾Ð»Ð¸Ñ‡ÐµÑÑ‚Ð²Ð¾ Ð¿Ñ€Ð¸Ð¼ÐµÑ€Ð¾Ð² Ð¾Ñ€Ð¸Ð³Ð¸Ð½Ð°Ð»Ð°
Source_StreamSize;Ð Ð°Ð·Ð¼ÐµÑ€ Ð¿Ð¾Ñ‚Ð¾ÐºÐ° Ð¾Ñ€Ð¸Ð³Ð¸Ð½Ð°Ð»Ð°
Source_StreamSize_Encoded;Ð—Ð°ÐºÐ¾Ð´Ð¸Ñ€Ð¾Ð²Ð°Ð½Ð½Ñ‹Ð¹ Ñ€Ð°Ð·Ð¼ÐµÑ€ Ð¿Ð¾Ñ‚Ð¾ÐºÐ° Ð¾Ñ€Ð¸Ð³Ð¸Ð½Ð°Ð»Ð°
Standard;Ð¡Ñ‚Ð°Ð½Ð´Ð°Ñ€Ñ‚ Ð²ÐµÑ‰Ð°Ð½Ð¸Ñ
StoreMethod_InterleavedFields;
StoreMethod_SeparatedFields;
StoreMethod_SeparatedFields_1;
StoreMethod_SeparatedFields_2;
Stream;ÐŸÐ¾Ñ‚Ð¾Ðº
Stream_MoreInfo;Ð”Ð¾Ð¿Ð¾Ð»Ð½Ð¸Ñ‚ÐµÐ»ÑŒÐ½Ð°Ñ Ð¸Ð½Ñ„Ð¾Ñ€Ð¼Ð°Ñ†Ð¸Ñ Ð¾ Ð¿Ð¾Ñ‚Ð¾ÐºÐµ
StreamCount;ÐšÐ¾Ð»-Ð²Ð¾ Ð¿Ð¾Ñ‚Ð¾ÐºÐ¾Ð² Ñ‚Ð°ÐºÐ¾Ð³Ð¾ Ñ‚Ð¸Ð¿Ð°
StreamID;Ð˜Ð´ÐµÐ½Ñ‚Ð¸Ñ„Ð¸ÐºÐ°Ñ‚Ð¾Ñ€ Ð¿Ð¾Ñ‚Ð¾ÐºÐ°
StreamKind;Ð¢Ð¸Ð¿ Ð¿Ð¾Ñ‚Ð¾ÐºÐ°
StreamKindID;Ð˜Ð´ÐµÐ½Ñ‚Ð¸Ñ„Ð¸ÐºÐ°Ñ‚Ð¾Ñ€ Ñ‚Ð¸Ð¿Ð° Ð¿Ð¾Ñ‚Ð¾ÐºÐ°
StreamKindPos;ÐŸÐ¾Ð·Ð¸Ñ†Ð¸Ñ Ð¸Ð´ÐµÐ½Ñ‚Ð¸Ñ„Ð¸ÐºÐ°Ñ‚Ð¾Ñ€Ð° Ñ‚Ð¸Ð¿Ð° Ð¿Ð¾Ñ‚Ð¾ÐºÐ°
StreamSize;Ð Ð°Ð·Ð¼ÐµÑ€ Ð¿Ð¾Ñ‚Ð¾ÐºÐ°
StreamSize_Encoded;Ð—Ð°ÐºÐ¾Ð´Ð¸Ñ€Ð¾Ð²Ð°Ð½Ð½Ñ‹Ð¹ Ñ€Ð°Ð·Ð¼ÐµÑ€ Ð¿Ð¾Ñ‚Ð¾ÐºÐ°
StreamSize_Proportion;ÐŸÑ€Ð¾Ð¿Ð¾Ñ€Ñ†Ð¸Ð¸ Ð¿Ð¾Ñ‚Ð¾ÐºÐ°
Subject;Ð¢ÐµÐ¼Ð°
SubTrack;ÐŸÐ¾Ð´Ð¿Ð¾Ñ‚Ð¾Ðº
Summary;Ð¡Ð²Ð¾Ð´ÐºÐ°
Supported formats;ÐŸÐ¾Ð´Ð´ÐµÑ€Ð¶Ð¸Ð²Ð°ÐµÐ¼Ñ‹Ðµ Ñ„Ð¾Ñ€Ð¼Ð°Ñ‚Ñ‹
Supported?;ÐŸÐ¾Ð´Ð´ÐµÑ€Ð¶Ð¸Ð²Ð°ÐµÑ‚ÑÑ?
Synopsis;Ð¡Ð²Ð¾Ð´ÐºÐ°
SystemId;Ð˜Ð´ÐµÐ½Ñ‚Ð¸Ñ„Ð¸ÐºÐ°Ñ‚Ð¾Ñ€
Tagged_Application;ÐŸÐ¾Ð¼ÐµÑ‚Ð¸Ð²ÑˆÐ°Ñ Ð¿Ñ€Ð¾Ð³Ñ€Ð°Ð¼Ð¼Ð°
Tagged_Date;Ð”Ð°Ñ‚Ð° Ð¿Ð¾Ð¼ÐµÑ‚ÐºÐ¸
Technician;Ð¢ÐµÑ…Ð½Ð¸Ðº
TermsOfUse;Ð£ÑÐ»Ð¾Ð²Ð¸Ñ Ð¸ÑÐ¿Ð¾Ð»ÑŒÐ·Ð¾Ð²Ð°Ð½Ð¸Ñ
TertiaryAudioLanguage;
Text;Ð¢ÐµÐºÑÑ‚
Text - Custom;Ð¢ÐµÐºÑÑ‚ - Ð²Ñ‹Ð±Ð¾Ñ€Ð¾Ñ‡Ð½Ð¾
Text (HTML);Ð¢ÐµÐºÑÑ‚ (HTML)
Text stream(s);Ð¢ÐµÐºÑÑ‚Ð¾Ð²Ñ‹Ðµ Ð¿Ð¾Ñ‚Ð¾ÐºÐ¸
Text streams;Ð¢ÐµÐºÑÑ‚Ð¾Ð²Ñ‹Ðµ Ð¿Ð¾Ñ‚Ð¾ÐºÐ¸
Text_Codec_List;Ð¢ÐµÐºÑÑ‚Ð¾Ð²Ñ‹Ðµ ÐºÐ¾Ð´ÐµÐºÐ¸
Text_No;ÐÐµÑ‚ Ñ‚ÐµÐºÑÑ‚Ð°
Text1;ÐŸÐµÑ€Ð²Ñ‹Ð¹ Ñ‚ÐµÐºÑÑ‚Ð¾Ð²Ñ‹Ð¹ Ð¿Ð¾Ñ‚Ð¾Ðº
Text2;Ð’Ñ‚Ð¾Ñ€Ð¾Ð¹ Ñ‚ÐµÐºÑÑ‚Ð¾Ð²Ñ‹Ð¹ Ð¿Ð¾Ñ‚Ð¾Ðº
Text3;Ð¢Ñ€ÐµÑ‚Ð¸Ð¹ Ñ‚ÐµÐºÑÑ‚Ð¾Ð²Ñ‹Ð¹ Ð¿Ð¾Ñ‚Ð¾Ðº
TextCount;ÐšÐ¾Ð»-Ð²Ð¾ Ñ‚ÐµÐºÑÑ‚Ð¾Ð²Ñ‹Ñ… Ð¿Ð¾Ñ‚Ð¾ÐºÐ¾Ð²
TextlessElementsExist;
ThanksTo;Ð‘Ð»Ð°Ð³Ð¾Ð´Ð°Ñ€Ð½Ð¾ÑÑ‚Ð¸
Thousands separator;Ð Ð°Ð·Ð´ÐµÐ»Ð¸Ñ‚ÐµÐ»ÑŒ Ñ‚Ñ‹ÑÑÑ‡
TimeCode;Ð’Ñ€ÐµÐ¼ÐµÐ½Ð½Ð¾Ð¹ ÐºÐ¾Ð´
TimeCode_FirstFrame;Ð’Ñ€ÐµÐ¼ÐµÐ½Ð½Ð¾Ð¹ ÐºÐ¾Ð´ Ð¿ÐµÑ€Ð²Ð¾Ð³Ð¾ ÐºÐ°Ð´Ñ€Ð°
TimeCode_Settings;ÐŸÐ°Ñ€Ð°Ð¼ÐµÑ‚Ñ€Ñ‹ Ð²Ñ€ÐµÐ¼ÐµÐ½Ð½Ð¾Ð³Ð¾ ÐºÐ¾Ð´Ð°
TimeCode_Source;ÐžÑ€Ð¸Ð³Ð¸Ð½Ð°Ð» Ð²Ñ€ÐµÐ¼ÐµÐ½Ð½Ð¾Ð³Ð¾ ÐºÐ¾Ð´Ð°
TimeCode_Striped;
TimeStamp;Ð’Ñ€ÐµÐ¼ÐµÐ½Ð½Ð°Ñ Ð¼ÐµÑ‚ÐºÐ°
TimeZone;Ð§Ð°ÑÐ¾Ð²Ð¾Ð¹ Ð¿Ð¾ÑÑ
Title;Ð—Ð°Ð³Ð¾Ð»Ð¾Ð²Ð¾Ðº
Title_More;Ð—Ð°Ð³Ð¾Ð»Ð¾Ð²Ð¾Ðº, Ð´Ð¾Ð¿Ð¾Ð»Ð½Ð¸Ñ‚ÐµÐ»ÑŒÐ½Ð¾
Total;Ð’ÑÐµÐ³Ð¾
TotalNumberOfParts;
TotalProgrammeDuration;
Track;Ð¢Ñ€ÐµÐº
Track_Count;ÐšÐ¾Ð»-Ð²Ð¾ Ñ‚Ñ€ÐµÐºÐ¾Ð²
transfer_characteristics;Ð¥Ð°Ñ€Ð°ÐºÑ‚ÐµÑ€Ð¸ÑÑ‚Ð¸ÐºÐ¸ Ñ‚Ñ€Ð°Ð½ÑÑ„ÐµÑ€Ð°
Translator;ÐŸÐµÑ€ÐµÐ²Ð¾Ð´Ñ‡Ð¸Ðº
Tree;Ð”ÐµÑ€ÐµÐ²Ð¾
Tree & Text;Ð”ÐµÑ€ÐµÐ²Ð¾ Ð¸ Ñ‚ÐµÐºÑÑ‚
Type;Ð¢Ð¸Ð¿
UniqueID;Ð£Ð½Ð¸ÐºÐ°Ð»ÑŒÐ½Ñ‹Ð¹ Ð¸Ð´ÐµÐ½Ñ‚Ð¸Ñ„Ð¸ÐºÐ°Ñ‚Ð¾Ñ€
Unknown;ÐÐµÐ¸Ð·Ð²ÐµÑÑ‚Ð½Ð¾
Url;Ð¡ÑÑ‹Ð»ÐºÐ°
Video;Ð’Ð¸Ð´ÐµÐ¾
Video stream(s);Ð’Ð¸Ð´ÐµÐ¾Ð¿Ð¾Ñ‚Ð¾ÐºÐ¸
Video_Codec_List;Ð’Ð¸Ð´ÐµÐ¾ÐºÐ¾Ð´ÐµÐºÐ¸
Video_Delay;Ð—Ð°Ð´ÐµÑ€Ð¶ÐºÐ° Ð²Ð¸Ð´ÐµÐ¾
Video_No;ÐÐµÑ‚ Ð²Ð¸Ð´ÐµÐ¾
Video0_Delay;Ð—Ð°Ð´ÐµÑ€Ð¶ÐºÐ° Ð²Ð¸Ð´ÐµÐ¾
Video1;ÐŸÐµÑ€Ð²Ñ‹Ð¹ Ð²Ð¸Ð´ÐµÐ¾Ð¿Ð¾Ñ‚Ð¾Ðº
VideoComments;
VideoCount;ÐšÐ¾Ð»-Ð²Ð¾ Ð²Ð¸Ð´ÐµÐ¾Ð¿Ð¾Ñ‚Ð¾ÐºÐ¾Ð²
View;Ð’Ð¸Ð´
View_Hint;Ð˜Ð·Ð¼ÐµÐ½Ð¸Ñ‚Ðµ Ð¾Ñ‚Ð½Ð¾ÑˆÐµÐ½Ð¸Ðµ Ðº Ð¿Ñ€Ð¾ÑÐ¼Ð¾Ñ‚Ñ€Ñƒ Ð¸Ð½Ñ„Ð¾Ñ€Ð¼Ð°Ñ†Ð¸Ð¸
Warning : more streams in the files;Ð’Ð½Ð¸Ð¼Ð°Ð½Ð¸Ðµ: Ð² Ñ„Ð°Ð¹Ð»Ð°Ñ… ÐµÑÑ‚ÑŒ ÐµÑ‰Ñ‘ Ð¿Ð¾Ñ‚Ð¾ÐºÐ¸
Web;Ð¡Ð°Ð¹Ñ‚
WebSite_Audio;Ð¡Ð°Ð¹Ñ‚ Ð°ÑƒÐ´Ð¸Ð¾ÐºÐ¾Ð´ÐµÐºÐ°
WebSite_Audio_More;ÐŸÐµÑ€ÐµÐ¹Ñ‚Ð¸ Ð½Ð° ÑÐ°Ð¹Ñ‚ (%Url%) Ð´Ð»Ñ Ð¿Ð¾Ð¸ÑÐºÐ° ÑÑ‚Ð¾Ð³Ð¾ Ð°ÑƒÐ´Ð¸Ð¾ÐºÐ¾Ð´ÐµÐºÐ°
WebSite_General;ÐŸÐµÑ€ÐµÐ¹Ñ‚Ð¸ Ð½Ð° ÑÐ°Ð¹Ñ‚ Ð¿Ñ€Ð¾Ð¸Ð³Ñ€Ñ‹Ð²Ð°Ñ‚ÐµÐ»Ñ Ð´Ð»Ñ ÑÑ‚Ð¾Ð³Ð¾ Ñ„Ð°Ð¹Ð»Ð°
WebSite_General_More;ÐŸÐµÑ€ÐµÐ¹Ñ‚Ð¸ Ð½Ð° ÑÐ°Ð¹Ñ‚ Ð¿Ñ€Ð¾Ð¸Ð³Ñ€Ñ‹Ð²Ð°Ñ‚ÐµÐ»Ñ Ð´Ð»Ñ ÑÑ‚Ð¾Ð³Ð¾ Ñ„Ð°Ð¹Ð»Ð°
WebSite_Text;Ð¡Ð°Ð¹Ñ‚ Ñ‚ÐµÐºÑÑ‚Ð¾Ð²Ð¾Ð³Ð¾ ÐºÐ¾Ð´ÐµÐºÐ°
WebSite_Text_More;ÐŸÐµÑ€ÐµÐ¹Ñ‚Ð¸ Ð½Ð° ÑÐ°Ð¹Ñ‚ (%Url%) Ð´Ð»Ñ Ð¿Ð¾Ð¸ÑÐºÐ° ÑÑ‚Ð¾Ð³Ð¾ Ñ‚ÐµÐºÑÑ‚Ð¾Ð²Ð¾Ð³Ð¾ ÐºÐ¾Ð´ÐµÐºÐ°
WebSite_Url;http://MediaArea.net/MediaInfo
WebSite_Video;Ð¡Ð°Ð¹Ñ‚ Ð²Ð¸Ð´ÐµÐ¾ÐºÐ¾Ð´ÐµÐºÐ°
WebSite_Video_More;ÐŸÐµÑ€ÐµÐ¹Ñ‚Ð¸ Ð½Ð° ÑÐ°Ð¹Ñ‚ (%Url%) Ð´Ð»Ñ Ð¿Ð¾Ð¸ÑÐºÐ° ÑÑ‚Ð¾Ð³Ð¾ Ð²Ð¸Ð´ÐµÐ¾ÐºÐ¾Ð´ÐµÐºÐ°
Width;Ð¨Ð¸Ñ€Ð¸Ð½Ð°
Width_Original;Ð¨Ð¸Ñ€Ð¸Ð½Ð° Ð¾Ñ€Ð¸Ð³Ð¸Ð½Ð°Ð»Ð°
WriteMe;ÐÐ°Ð¿Ð¸ÑÐ°Ñ‚ÑŒ Ð°Ð²Ñ‚Ð¾Ñ€Ñƒ
WriteToTranslator;ÐÐ°Ð¿Ð¸ÑÐ°Ñ‚ÑŒ Ð¿ÐµÑ€ÐµÐ²Ð¾Ð´Ñ‡Ð¸ÐºÑƒ
Written_Date;Ð”Ð°Ñ‚Ð° Ð·Ð°Ð¿Ð¸ÑÐ¸
Written_Location;ÐœÐµÑÑ‚Ð¾ Ð·Ð°Ð¿Ð¸ÑÐ¸
WrittenBy;Ð—Ð°Ð¿Ð¸ÑÑŒ Ð¿Ñ€Ð¾Ð¸Ð·Ð²Ñ‘Ð»
Yes;Ð”Ð°
Your system;Ð’Ð°ÑˆÐ° ÑÐ¸ÑÑ‚ÐµÐ¼Ð°
ZZ_Automatic_Percent;94
ZZ_AutomaticLanguage_Percent;94